CustomerID,CustomerName,Contact_Info,Address,Email,Phone_Number,DateOfBirth,Gender,RegistrationDate,LoyaltyPoints,PreferredContactMethod
1,Sandra Flores,idea,"3755 Perez Pines Suite 415, West Jessicamouth, WI 81111",laurenmckenzie@example.org,983158748,1959-06-28,Male,2023-09-01,128,Phone
2,Alexandra Juarez,fine,"966 Murphy Ramp Apt. 338, Tashahaven, OR 66401",david83@example.net,974469663,1965-10-27,Female,2023-06-03,398,Email
3,Jordan Solis,everybody,"501 White Ranch, Schroedermouth, NJ 34542",alexhess@example.org,967690446,1944-03-14,Female,2020-11-25,19,Email
4,Mrs. Melissa Carroll,group,"98989 Brittany Loaf Apt. 798, Phylliston, AL 13345",natashachandler@example.net,983727372,2001-02-11,Female,2021-04-26,900,SMS
5,Ashley Gomez,again,"23268 Cooper Turnpike, Maryfurt, KY 20997",dwolfe@example.com,973883797,1983-01-03,Male,2020-02-06,25,SMS
6,Paul Martin,friend,"1353 Walker Lock, Lake Jasonchester, GA 45477",gonzalesdavid@example.net,994586013,1957-06-11,Other,2023-05-16,726,SMS
7,Brenda Smith,individual,"8052 Angel Path Apt. 465, East Hannah, IA 59724",elizabethcooke@example.com,943616854,1945-06-05,Female,2020-05-29,421,SMS
8,Cameron Martinez,attorney,"880 Santiago Parkways, East Debbie, GU 35096",briansmith@example.net,901660719,1970-04-05,Other,2024-01-03,815,Email
9,Aaron Gordon,listen,"8135 Brandon Springs Apt. 951, North Robertberg, UT 94022",osanchez@example.org,900487206,1967-08-08,Other,2019-10-01,381,Phone
10,Brittany Strong,any,"665 John Islands Suite 442, South Frank, CT 17027",timothy59@example.net,917373749,1987-04-12,Other,2022-10-18,946,SMS
11,Melissa Edwards,part,"669 Robin Squares Apt. 194, Martinside, MI 90169",davidproctor@example.net,919695124,1960-03-07,Female,2022-06-23,166,SMS
12,Steven Rice,pressure,"22962 Jennifer Pike, Jeffreyfurt, LA 17466",oholden@example.net,917837527,2000-05-01,Female,2022-10-24,522,Phone
13,Belinda Holder,say,"94136 Jasmine Village Apt. 913, Lake Jameshaven, SC 74235",rachelrichard@example.org,964781970,1999-07-24,Female,2021-10-20,852,Email
14,Logan Choi,store,"7590 Larson Islands Apt. 127, South Steve, NE 67220",tmartinez@example.net,921500880,1979-08-30,Other,2022-09-22,52,SMS
15,Jill Young,middle,"005 Cobb Villages, East Donald, AS 49868",fraymond@example.org,988162889,1949-01-20,Male,2019-08-08,723,Email
16,Wayne Carter,indeed,"451 Page Mills, Port Candicemouth, OK 33154",justinforbes@example.org,909334911,1984-11-25,Male,2023-12-05,742,SMS
17,Jacob Collins,fine,"7613 Charles Drive, West Janet, AS 38603",xrodriguez@example.com,956098779,1955-06-04,Male,2021-03-09,932,Phone
18,Dennis Ryan,their,"77297 Rachel Route, East William, NJ 31340",stephenvillegas@example.org,964849117,1955-05-20,Other,2023-03-06,220,Email
19,Rebecca Adkins,manager,"PSC 5178, Box 1823, APO AA 65550",michaelmccall@example.com,929538836,1994-10-05,Male,2021-06-14,501,Phone
20,Erica Wells,prevent,"9645 Benjamin Junction, New Miranda, CO 10671",castanedaashley@example.net,902632096,1971-02-23,Other,2020-04-18,689,SMS
21,Charles Franco DDS,conference,"41246 Richard Ferry, Paulahaven, VT 76374",laura61@example.net,960832909,1962-01-28,Female,2021-04-20,629,Phone
22,Kathleen Wheeler,book,"13251 Roberts Plains, Oliverborough, AL 58851",carolsimpson@example.com,987938721,2000-12-31,Male,2020-02-15,769,SMS
23,Mary Medina,black,"2754 Michael Groves, Jonathanshire, CT 49054",katherinejones@example.net,940403708,1976-08-17,Female,2020-09-21,523,Phone
24,Stephanie Lopez,control,"2173 Perkins Glen, West Erika, WI 81383",andersonjessica@example.net,973923772,1951-03-22,Male,2020-12-17,136,Email
25,Robin Cooper,least,"102 Smith Locks Suite 279, New Raymondview, IA 49468",albert30@example.net,946520280,1967-04-11,Male,2023-04-29,366,Email
26,Manuel Woods,know,"643 Melinda Rest Apt. 887, Lambfurt, ND 09538",xklein@example.org,949063380,1964-04-05,Male,2021-07-02,182,Email
27,Jeffrey Gibson,play,"654 Neal Mill Suite 137, Saundershaven, KY 77345",andrewgreen@example.com,923243999,1961-06-10,Female,2021-09-29,90,Phone
28,Earl Abbott,speech,"8060 Jill Center, Johnsontown, SD 20992",grayeddie@example.com,991677038,1969-02-08,Other,2020-03-29,87,Phone
29,Norman Spears,drive,"8548 Matthew Summit Apt. 084, Williamstad, WA 94616",bookerwendy@example.com,932426030,1984-09-18,Female,2019-12-23,136,SMS
30,Christina Rodriguez,control,"96560 Larry Islands Apt. 785, Christinatown, ME 58995",jeffreyjenkins@example.net,907737933,1973-06-18,Male,2021-12-06,436,SMS
31,Robert Brown,personal,"9113 Bush Junctions Apt. 193, Griffinville, DE 93416",brian16@example.org,914961224,1966-07-10,Other,2023-06-20,754,Email
32,Lauren Sanchez,stage,"93358 Jorge Shoals Apt. 844, Morenoport, GA 60215",betty75@example.com,906817176,1943-09-28,Female,2024-02-24,344,SMS
33,Emily Bentley,arrive,"0271 Parks Village, Port Nancy, MH 84291",garrett84@example.com,927363348,1970-12-09,Female,2021-04-22,236,SMS
34,Donald Hill,read,"Unit 1312 Box 3937, DPO AA 86484",debrameyer@example.com,934616947,1993-05-18,Female,2022-08-23,211,Email
35,Michelle Alvarez,ever,"4888 Reyes Corners Suite 746, South Annaport, GU 96247",jacobwilliams@example.net,973747705,1995-11-04,Other,2023-10-27,417,Email
36,Thomas Alexander DDS,easy,"154 Wiggins Fall, New Brianbury, NV 12320",mcmillanmichael@example.org,937938529,1993-02-22,Other,2022-10-08,216,SMS
37,Mrs. Jessica Simpson MD,poor,"01794 Daniel Skyway Suite 649, Hoganfort, OH 14757",jeffery07@example.com,908736770,1997-07-11,Male,2021-06-04,295,Email
38,Nicole Parker,office,"59971 Tony Port Apt. 633, Samuelchester, ID 36731",gabrielpaul@example.org,969370029,1955-03-18,Other,2023-10-18,721,SMS
39,Edward Singleton,check,"91492 Christina Mountain, West Heatherburgh, PA 14715",yserrano@example.net,974617553,2005-10-03,Other,2020-09-04,112,Email
40,Holly Carter,dinner,"79967 Glover Unions Apt. 730, East Michael, VT 16051",acoleman@example.net,984159534,1945-08-08,Female,2020-09-03,361,Email
41,Sarah Stewart,why,"Unit 9161 Box 7886, DPO AA 80855",diazjeffrey@example.net,904259722,2005-09-14,Female,2020-10-26,107,SMS
42,Curtis Macias,up,"85196 Lisa Crest, Lake Rebeccachester, KY 24853",hhanna@example.net,963378684,1962-12-20,Other,2019-12-07,243,Email
43,Sarah Jimenez,character,"1933 Walsh Mews Suite 784, Thomasview, NV 22400",petersrachael@example.net,995254509,1993-05-23,Male,2021-02-16,742,SMS
44,Daniel Watts,tell,"83404 Sanchez Ridges Apt. 470, Whitefurt, PW 72396",jessicaluna@example.com,985296635,1976-01-27,Other,2021-01-01,900,Email
45,Carolyn Alexander,rather,"960 Cowan Branch, Brownbury, OR 63277",mgregory@example.org,990626340,1948-08-10,Male,2022-09-20,805,Email
46,Jeremy Bright,nothing,"06171 Erin Neck Suite 319, North Christopher, AL 88432",vdavis@example.com,951444956,1961-10-17,Female,2021-07-14,120,Email
47,Craig Patterson,serve,"67364 Jones Shores, East Angela, WV 28791",fryelori@example.org,941040448,2005-07-11,Female,2022-05-02,586,Phone
48,Judy Hansen,type,"3038 Washington Ports Apt. 415, Smithberg, GU 31934",haasstephanie@example.com,977525028,1966-10-28,Female,2019-09-03,723,SMS
49,James Sherman,plant,"730 Anderson Walk Apt. 643, Nicolehaven, IN 37310",lewiskeith@example.net,930499725,1943-09-20,Other,2023-05-01,960,Phone
50,Victor Hill,fast,"8406 Cooper Forks, East Jennifer, SD 17531",velezheather@example.com,961185316,1955-12-13,Other,2024-01-26,683,SMS
51,Aaron Cline,participant,"9324 Julia Groves, Marcmouth, TX 29479",kelly62@example.com,957058578,1958-01-22,Male,2020-10-10,580,SMS
52,Angela Howell,still,"564 Welch Bypass Suite 508, Lindseychester, DE 05608",wcobb@example.com,992333659,1990-08-27,Female,2023-09-24,880,Email
53,Sarah Vincent,civil,"000 Rubio Flats Apt. 167, Benjaminbury, KY 21509",schroederbrenda@example.net,902860182,1979-08-16,Female,2023-12-03,163,SMS
54,Deborah Matthews,defense,"04564 Frazier Port, Port Kevinchester, NM 19721",duartedavid@example.org,926383675,1982-06-07,Female,2022-05-27,998,Phone
55,Linda Jones,girl,"06778 Carrie Rapids, Jeremyville, OH 20062",zwaters@example.org,996473134,1944-02-24,Other,2020-08-14,838,Phone
56,Susan Lopez,success,"449 John Wall Suite 461, Michaelton, KS 05198",jennifersmith@example.org,956067805,1990-02-02,Female,2021-09-15,897,Email
57,Joanna Owens,ten,"4607 Jamie Pike Apt. 301, South Jennifer, ID 40956",brian66@example.com,961624877,1979-03-10,Male,2020-05-18,370,Email
58,Heather Castaneda,well,"17239 Reese Lodge Suite 845, Alexanderburgh, OK 97190",wclark@example.net,997135528,1982-10-02,Other,2020-07-14,671,Email
59,Glenn Clark,let,"12439 Mercado Stream Suite 081, Lindaside, HI 77113",amber60@example.net,923257158,1988-12-22,Other,2021-04-15,285,SMS
60,Paul Warren,study,"113 Lee Ridge, North Elijahburgh, MI 69753",rprice@example.net,975023670,1993-08-18,Other,2022-05-08,267,SMS
61,Connor Oliver,ten,"2584 Johnson Forks Apt. 108, New Arthurmouth, VI 30391",wendy05@example.org,986286607,1987-02-18,Male,2019-10-24,467,SMS
62,Paul Baker,color,"78171 Davila Walks, Ramosland, NV 72384",katherine25@example.org,911477883,1945-01-30,Other,2022-08-09,914,SMS
63,Leah Bray,like,"141 Cynthia Inlet, East Gina, NV 26955",thomasthompson@example.com,992649010,1946-08-12,Female,2022-08-27,653,SMS
64,Christopher King,personal,"230 Williams Lane Suite 181, Smithborough, LA 60802",hwatson@example.org,960779483,1988-06-27,Female,2020-04-19,23,Email
65,Mr. David Byrd,suffer,"3195 Reed Coves Suite 198, Barbaraville, PA 41027",williampatton@example.org,931196273,1950-04-27,Other,2022-08-17,820,SMS
66,Sarah Allen,defense,"15409 David Mountain Apt. 354, South Chelsea, IA 24401",qsnyder@example.org,951350672,1963-06-20,Other,2023-09-17,78,Phone
67,Caitlin Parks,attorney,"642 Stephens Crossroad Suite 930, Kristinborough, GU 68475",qsteele@example.net,998756325,1984-08-07,Male,2024-03-16,979,SMS
68,David Nelson,and,"PSC 7670, Box 5646, APO AA 35579",molinamichele@example.com,937048621,1981-12-19,Female,2020-02-03,930,SMS
69,Nicholas Dunn,upon,"431 Benjamin Path Apt. 380, Heatherburgh, CT 20401",jacksonrobert@example.com,953526552,1984-06-01,Male,2020-12-11,961,Phone
70,Mitchell Simmons,remain,"29160 Douglas Highway Suite 811, North Albert, GU 73929",judithgarrett@example.org,923735350,1999-01-25,Male,2023-09-02,854,Email
71,Kelly Clark,agent,"267 Khan Lodge Apt. 729, Jefferyton, NM 47346",hannah61@example.com,913216618,1964-07-04,Male,2022-05-08,905,Phone
72,Robert Benjamin,here,"1450 Megan Ways Apt. 777, Laraberg, TX 52910",qtorres@example.com,950141532,1956-11-21,Female,2019-10-11,701,SMS
73,Savannah Strickland,break,"804 Collins Harbors, North Kyle, AS 37809",anthonymark@example.org,979323204,1950-11-08,Female,2019-10-26,889,Email
74,Jared Valdez,threat,"Unit 1498 Box 5831, DPO AA 72448",bbridges@example.net,928706628,1987-06-03,Male,2020-10-07,431,Phone
75,Brandon Howard,benefit,"9914 Grace Ridges Suite 991, Sparksbury, WI 23579",pamelasmith@example.org,921158122,1994-04-08,Male,2022-03-10,822,Phone
76,Bryan Lindsey,like,"828 Bailey Inlet, Jacobshire, NC 41692",lroberts@example.org,953638130,1974-01-19,Other,2022-09-16,480,Phone
77,Jose Ramsey,smile,"15876 Anderson Viaduct Suite 568, North Wendy, AS 27202",miguelbaker@example.net,931566711,1959-07-30,Other,2021-01-19,518,SMS
78,Kevin Mclean,sometimes,"4104 Charles Mountains, Nancychester, WY 64980",fjackson@example.org,932247489,1998-06-16,Other,2021-07-02,389,Phone
79,Eric Clark,write,"64696 Sherri Neck Apt. 890, Thomaschester, FL 14471",kylelewis@example.com,948764156,1986-07-09,Female,2023-01-12,64,SMS
80,Heather Aguirre,human,"9494 Christopher Vista, Nelsonmouth, MN 21769",evansisaiah@example.net,940815809,1956-10-27,Other,2021-12-06,755,Email
81,Michele Sanford,each,"2934 Anderson Oval Suite 691, Port Kenneth, FM 40391",donaldbryant@example.com,905293568,1968-10-19,Male,2021-06-25,1000,SMS
82,Margaret Rios,week,"37426 Cain Oval, West Johnton, NY 01025",laura58@example.net,933118841,1989-05-18,Male,2020-10-22,479,Phone
83,Walter Navarro,play,"Unit 4432 Box 6516, DPO AP 90196",andersonthomas@example.com,959038729,1959-09-27,Other,2022-08-01,77,Email
84,Amy Ford,movement,"79369 Stephanie Land Suite 711, Michaelshire, SD 75813",jacqueline02@example.net,932434753,1958-07-24,Male,2019-11-20,744,SMS
85,Margaret Fernandez,compare,"8503 Kelley Motorway Suite 097, Port Marvinville, AZ 74229",dawnperry@example.com,994769864,2005-12-11,Male,2022-09-25,75,Phone
86,Norman Bryant,relate,"USCGC Garcia, FPO AP 62628",lewischristopher@example.net,966806321,1949-07-05,Male,2020-11-01,414,SMS
87,Robert Brown,write,"7117 Miles Summit Apt. 190, Turnerchester, AS 33805",smithkaren@example.org,994375815,1987-03-17,Other,2023-07-22,494,Email
88,Kimberly Griffith PhD,response,"586 Anderson Lane Apt. 292, Tammymouth, FL 75949",valerie81@example.com,975033744,1958-05-22,Male,2023-10-31,501,SMS
89,Nicholas Clark,indicate,"91489 Mary Harbors, Paulberg, MS 58540",joshua13@example.com,960549741,1973-02-08,Female,2021-05-30,795,SMS
90,Scott Shaffer,him,"208 Jennifer Fork, Leborough, FL 65830",lynn50@example.org,915546786,2003-11-16,Male,2024-05-29,502,Email
91,Stacy Williams,rule,"716 Diana Glen, Randallville, CT 33033",brendadougherty@example.net,968178824,2004-09-08,Other,2022-01-04,566,Email
92,Joel Matthews,doctor,"620 Tiffany Pine Apt. 269, Calebchester, VA 10881",richardmiller@example.org,913962651,1967-07-10,Other,2022-01-17,443,Phone
93,Theresa Gray,opportunity,"91460 Reyes Road Suite 870, Perezmouth, OK 94962",pfranklin@example.org,910537032,1998-11-06,Male,2019-07-24,823,Email
94,Allison Noble,read,"908 Mercer Heights Apt. 585, East James, PA 96965",hjohnson@example.com,998808907,1994-07-16,Female,2023-08-18,786,SMS
95,Tasha Alvarez,yet,"141 Weiss Center Suite 538, East Ricky, DE 64243",timothy25@example.net,914215662,1984-01-11,Other,2021-04-04,260,SMS
96,Joseph Olsen,return,"06043 Barbara Village Suite 997, Roberttown, WY 41252",gedwards@example.net,994562651,2000-09-30,Male,2022-04-22,676,Phone
97,Brenda Hopkins,gas,"804 Jones Parkway, South William, VI 68226",jessica84@example.net,940273961,1944-10-14,Male,2023-12-04,954,SMS
98,Miranda Andrade,recent,"USCGC Harris, FPO AE 77158",colin97@example.net,914657137,1980-12-14,Female,2022-11-18,889,Phone
99,Dr. Charles Carter,true,"14046 Parker Hollow, Port Jessica, MD 07139",gnguyen@example.org,949972111,1955-04-10,Male,2019-08-04,727,Phone
100,John Li,color,"2831 Barker Wall, Thomasside, ND 86345",adamcarpenter@example.net,968375019,1990-05-01,Female,2024-06-16,228,SMS
101,Linda Weiss,prepare,"5428 Grant Expressway Suite 674, Ortegatown, NE 41065",hwilliams@example.net,985274982,1974-07-31,Other,2022-07-17,645,Phone
102,Christine Baker,pretty,"Unit 1390 Box 5681, DPO AE 50342",jamesschwartz@example.net,981866681,1955-07-31,Other,2022-04-18,146,SMS
103,Brian Tran,adult,"8135 Christopher Ports Apt. 708, New Wanda, MA 77931",qhouse@example.net,974093737,1945-06-19,Male,2022-10-15,52,Phone
104,Paul Serrano,identify,"316 Sean Islands, Caseyborough, AL 80009",cody87@example.net,973944781,2003-05-01,Other,2023-05-06,627,SMS
105,Monica Gonzalez,forward,"3541 Willis Lane Suite 922, Joneshaven, GU 12197",rachelwalter@example.com,905594119,1983-09-27,Other,2023-05-11,790,Phone
106,Matthew Johnson,note,"USNS Cole, FPO AE 85117",iortega@example.com,930554497,1995-06-27,Female,2019-11-01,849,Email
107,Jeffrey Johnson,leave,"8246 Victor Hill, Webbland, DE 17427",simmonsjennifer@example.net,933724930,1974-11-02,Other,2024-01-14,221,SMS
108,Samuel Miller,by,"8636 Moreno Lakes Suite 627, Lake Heidi, GA 79982",medinawilliam@example.org,941794875,1984-07-24,Male,2020-09-22,839,SMS
109,Angela Briggs,either,"58070 Wilson Fords Apt. 897, West Richard, WY 40829",cody79@example.org,916859494,1982-07-01,Other,2024-03-05,216,Email
110,Keith Diaz,but,"PSC 6496, Box 2524, APO AE 23613",bcruz@example.org,964750556,1964-07-25,Female,2020-09-14,665,Email
111,Kevin Allen,his,"17435 Aaron Valley, Port Angelaport, MN 95456",danny37@example.org,910519257,1964-04-14,Female,2022-03-18,311,Email
112,Lee Sellers,sometimes,"5648 Garcia Canyon Suite 266, Wrightfort, MN 03741",oadams@example.org,987461063,1946-06-17,Male,2023-11-16,378,SMS
113,Jessica Martin,those,"6634 Michelle Passage, Benjaminside, VA 22594",sabrina54@example.net,955587195,1944-06-28,Male,2020-04-07,725,SMS
114,Patricia Smith,financial,"31277 Hernandez Extensions, Jonesside, FL 56016",brianna79@example.org,949660541,1965-10-04,Female,2022-08-31,660,Phone
115,Taylor Joseph,short,"3920 Forbes Mountain, Lake Shannonville, MP 27062",msutton@example.net,941107533,1952-02-02,Other,2020-02-17,937,SMS
116,Susan Powell,civil,"852 Mitchell Locks, Davidchester, IL 77250",stephanieford@example.net,963606045,1948-12-16,Other,2022-09-23,78,Phone
117,Darius Davis,box,"05381 Julie Trafficway, North Emily, SD 41128",idiaz@example.org,941674843,1960-10-26,Male,2021-04-30,940,Phone
118,Daniel Brown,push,"235 Charles Oval, Barneston, IA 99295",morganjennifer@example.com,961933428,1973-11-12,Other,2019-08-25,891,SMS
119,Andrea Clark,foreign,"USS Nelson, FPO AE 92954",hdavis@example.org,968289852,1974-06-21,Other,2021-01-14,755,Email
120,Michael Sellers,happen,"64086 Perez Spur, South Megan, TX 44188",kathrynbarry@example.com,969969563,2003-09-18,Male,2020-07-03,846,Phone
121,Joshua Shepherd,bag,"9913 Monique Brooks, Hughesville, AR 38504",zjohnson@example.com,972864423,1982-07-03,Female,2023-03-15,409,Phone
122,Michael Bennett,body,"9022 Ryan Squares Apt. 764, West Craighaven, CO 54852",stephen99@example.com,943601527,1955-10-17,Male,2021-03-31,28,SMS
123,Jacqueline Cox,exactly,"246 Shelby Fields Suite 967, West Saramouth, CO 35889",william33@example.net,997949458,1972-02-20,Other,2021-04-25,621,Email
124,Crystal Frost,service,"854 Scott Trail Suite 005, West Lisaberg, VI 47860",qcarlson@example.com,949160627,1968-09-18,Other,2021-04-29,7,Email
125,Brian Johnson,eye,"57608 Travis Glen Apt. 589, West Julie, WV 51600",ggarcia@example.net,931317506,1974-06-20,Other,2022-09-14,859,Email
126,Sherry Barnes,radio,"Unit 9248 Box 0936, DPO AA 57982",hallcourtney@example.net,986670327,1943-06-18,Other,2023-09-02,174,SMS
127,Jeffrey Mcguire,major,"719 David Haven Suite 529, Port David, PA 57261",vaughnkatherine@example.com,937870762,1989-02-16,Female,2020-03-12,714,Phone
128,Jacob Everett,newspaper,"108 Mendoza Crest, Herreraville, LA 55812",hernandezvalerie@example.org,919893495,2001-03-30,Female,2020-03-05,983,Phone
129,Russell Gillespie,threat,"101 Brian Meadow, Port Kerry, MN 65541",joelreyes@example.com,907278402,1996-12-22,Female,2022-02-26,631,Phone
130,Timothy Wilson,within,"521 Shane Courts Suite 152, Aguilarton, LA 06423",antonio33@example.com,980554245,1978-11-28,Male,2021-01-23,412,Phone
131,Sarah Taylor,we,"8240 Sharon Dale Apt. 613, Josephton, SD 43267",ewest@example.com,980710499,1992-09-15,Other,2024-03-03,201,SMS
132,Maurice Hughes,beyond,"27348 Castillo Tunnel Apt. 509, Roberttown, WV 78440",andersonandrew@example.org,920008764,1987-12-22,Female,2024-06-12,235,SMS
133,Joshua Alvarado,likely,"Unit 7437 Box 8678, DPO AP 81428",bryantholly@example.org,909626773,1950-11-20,Other,2021-09-06,449,Email
134,James Brady,while,"4180 House Motorway Suite 568, New Sheilafort, UT 79049",xgriffin@example.com,967929286,2003-03-28,Other,2023-04-13,433,SMS
135,Mathew Henderson,for,"03093 White Lock, Mannington, IN 70910",jmcdonald@example.com,999313115,1953-03-17,Other,2024-01-27,320,Phone
136,Michael Sullivan,good,"6106 Sheila Loop Suite 366, New Christopherburgh, ND 41630",avilaerica@example.org,989359378,1954-12-26,Male,2023-12-27,429,Email
137,Cynthia Wilson,day,"042 Green Roads Suite 231, East Robertview, CT 41042",clayabigail@example.org,994238330,1987-08-19,Female,2023-08-25,835,Email
138,Kimberly Huang MD,radio,"2561 Jacob Expressway, Emilytown, HI 94542",lbarry@example.com,940905792,1954-06-02,Female,2021-03-12,61,SMS
139,Sherry Holder,present,"49680 Helen Port Apt. 258, Port Garymouth, NC 37459",penningtonjohn@example.net,904209931,1997-06-22,Male,2021-03-13,539,SMS
140,Michael Mendoza,seek,"29081 Kimberly Place, Chasestad, SC 06229",christine03@example.net,969019222,1980-06-08,Other,2019-12-06,337,SMS
141,Richard Fox,plan,"9277 Robin Fords Suite 981, Spencerborough, MD 01834",fbeasley@example.org,981005216,1966-04-24,Male,2024-03-14,683,Email
142,Ann Dodson,task,"5437 Richardson Lights Suite 028, Brendastad, AZ 64048",smithmichael@example.org,904475677,1989-07-06,Other,2024-06-01,930,Phone
143,Ryan Morales,someone,"7092 Brenda Lakes Suite 248, West Paul, RI 43047",barajaschase@example.com,967025938,2002-08-16,Other,2020-08-17,315,Phone
144,Elijah Francis,feel,"29706 Monica Skyway, North Emmabury, VT 43461",zrichardson@example.org,943356002,2003-04-04,Male,2022-11-10,259,SMS
145,Courtney Sanchez,church,"726 Oneal Cliffs, Debraside, GU 08323",bbennett@example.net,906663946,1958-06-05,Female,2023-12-24,802,Email
146,Tyler Blake,institution,"04132 Brianna Parkway Suite 158, Christinaborough, CA 58757",howellgeorge@example.net,950912471,2002-11-04,Male,2020-09-21,116,Email
147,Yvette Evans,manager,"9009 Christian Crossroad Suite 335, New Melissaburgh, LA 97317",tiffany78@example.org,995180496,1962-01-07,Other,2023-12-14,972,Phone
148,Ashley Norman,rather,"5097 Lester Street, Loganmouth, MS 09286",barbaragarcia@example.net,976377565,1979-03-18,Female,2019-09-10,357,SMS
149,Brian Jordan,music,"PSC 0421, Box 7179, APO AE 31960",richardjordan@example.com,999533325,1961-07-31,Male,2021-11-04,783,SMS
150,Tabitha Fuller,bill,"PSC 6744, Box 7594, APO AE 05141",pjohnson@example.org,943769210,2001-07-01,Other,2021-12-13,615,Phone
151,Kayla Schultz,great,"9844 Carlson Stravenue, Deanshire, NC 58088",geraldbaker@example.com,936304697,1963-02-22,Male,2022-04-02,113,Email
152,Dustin Wilcox,agent,"USNS Parker, FPO AA 14247",daniel91@example.net,994860386,2005-03-08,Other,2020-03-03,313,Email
153,Michael Miller,listen,"USNV Andrews, FPO AP 60634",thompsoncaleb@example.com,913771437,2003-08-25,Other,2024-02-20,286,SMS
154,Lauren Page,price,"PSC 1468, Box 5164, APO AP 78809",melissa16@example.net,916011302,1968-04-13,Female,2024-05-11,719,Email
155,Justin Farrell,step,"95902 Regina Cove Apt. 455, North Justinhaven, AK 43842",robbinsanthony@example.net,917539369,1949-02-10,Female,2022-02-14,944,Email
156,Ricky Wright,film,"355 Williams Village, Laurashire, NE 60556",morenodouglas@example.net,980163350,1981-01-02,Male,2021-06-16,639,Phone
157,Edward Lopez,analysis,"76947 Hannah Estate, North Bradleymouth, KS 37564",williamscurtis@example.net,929464505,1972-03-15,Other,2021-07-23,375,Email
158,Nicole Cox,town,"4242 Green Gardens, West Emma, PW 35687",wileygregory@example.org,908223707,1954-10-07,Other,2022-06-06,905,SMS
159,Aaron Smith,environment,"960 Jessica Expressway Suite 136, Williammouth, NM 80931",tara64@example.net,969285655,1981-02-21,Female,2019-06-21,308,SMS
160,Pamela Leon,evidence,"495 Lauren Circle Suite 624, West John, PA 68038",valeriemartin@example.net,997651219,1974-03-04,Female,2024-05-21,31,Email
161,Melissa Travis,perhaps,"27001 Edwards Fort, New James, AL 49687",justin04@example.net,979779696,1993-02-09,Male,2019-06-24,805,Email
162,Cheryl Michael,social,"9338 Allen Inlet, Port Susanmouth, VA 31711",jessicagardner@example.net,987976248,1956-09-14,Female,2022-02-09,226,Phone
163,Natasha Marshall,exist,"429 Henson Cliffs, East Jason, PR 76780",scottdonna@example.org,959890437,1990-06-13,Female,2020-08-09,376,Email
164,Charles Griffith,political,"623 Anthony Manors, Dayburgh, WA 52610",austinrickey@example.org,901035231,1947-10-15,Other,2023-10-13,446,Email
165,Rachel Bailey,else,"69054 Chelsea Mount, Transide, IN 92186",nelsonrodney@example.com,924267887,1998-02-12,Other,2024-01-04,324,Phone
166,Paula Robinson,management,"PSC 7928, Box 4112, APO AE 50514",kathy78@example.com,942359538,2004-01-11,Female,2024-02-04,673,SMS
167,Kevin Miller,sister,"906 Seth Curve Suite 150, Wagnermouth, NV 27091",ihorn@example.com,931200287,1978-02-05,Other,2022-05-22,513,Email
168,Kristie Fischer,yard,"4928 Monroe Plains Apt. 376, Harrisville, OR 90024",scottkathryn@example.org,999013751,1998-01-14,Other,2022-09-10,580,SMS
169,Nina Price,account,"61492 Zachary Green, Jessicamouth, IN 62497",gomezrebecca@example.net,942266727,1985-02-09,Male,2019-09-17,756,Phone
170,Michelle Matthews DVM,us,"56143 Myers Ville Apt. 987, East Brittanystad, AR 95989",matthew52@example.org,969755527,1990-01-09,Other,2020-11-12,701,SMS
171,Christopher Butler,fast,"893 Gregory Summit, Kristinland, WA 88011",donaldalexander@example.net,922068570,1985-07-29,Female,2021-05-05,366,Email
172,Tyler Shaw,positive,"8970 Clarke Plaza, North Thomaston, CA 76523",ronald38@example.org,941213397,1996-01-14,Male,2020-07-13,857,Email
173,Heather Perez,attorney,"50037 Rose Expressway Suite 289, Amandaberg, NM 10495",greerraymond@example.org,970560134,2001-05-29,Male,2022-03-19,674,Phone
174,Justin Bonilla,black,"944 Janice Road, Gregmouth, KS 35845",kingwilliam@example.org,913629447,1976-08-04,Female,2021-09-27,998,Email
175,Jennifer Harding,staff,"957 Taylor Road Apt. 574, South Christopher, WV 54593",jessica57@example.com,915947869,1973-04-23,Male,2022-10-22,926,SMS
176,John Hendrix,technology,"5585 Pennington Shore Apt. 068, Port Josephchester, NV 96537",meredithjames@example.org,932207270,1951-12-20,Other,2019-06-30,973,SMS
177,Danielle Bennett,security,"6824 Jenna Skyway, Lake Melissahaven, MN 92334",william13@example.org,949056638,1962-02-25,Other,2021-04-15,424,SMS
178,Joshua Wood,investment,"557 Navarro Views Suite 355, Robinsonchester, LA 56628",rmccarty@example.net,949948802,1964-09-27,Other,2020-08-20,336,Email
179,Robin Hill,property,"USS Little, FPO AE 71657",brandongonzalez@example.org,915425038,1969-05-30,Other,2021-01-28,869,SMS
180,Ms. Courtney Cook,development,"6831 Christina Gardens Suite 940, Lake Michaelborough, TX 70446",davidsonmeghan@example.net,979383699,1979-03-18,Other,2020-09-10,447,Phone
181,Heather Johnson,perform,"PSC 4213, Box 3946, APO AA 88364",scottmorgan@example.org,998672151,1945-02-21,Male,2024-01-17,81,Email
182,Catherine Perez,real,"145 Michael Camp Apt. 229, Lisaberg, TX 87369",carlsonrussell@example.net,948652768,2000-07-04,Male,2020-08-13,183,SMS
183,Raymond Smith,visit,"3171 Elizabeth Falls, Mcphersonside, CT 79737",elizabethnorman@example.org,943916064,1997-03-23,Other,2022-06-02,564,SMS
184,Karina Baxter,drug,"22996 Ibarra Passage Apt. 294, Andreaside, ND 77203",hernandezandrew@example.org,907236195,1961-03-25,Other,2023-11-17,662,Email
185,Anthony Keller,item,"441 Hayes Parkways, North Chelsea, NH 18038",kleinnicole@example.net,979446394,1972-08-31,Male,2019-09-18,793,SMS
186,Jose Green,civil,"8960 Edward Burgs, Sabrinaborough, IA 84159",paige76@example.org,967719782,1997-11-28,Other,2020-10-18,389,Email
187,Ricardo Davis,remain,"826 Matthews Squares Suite 336, Tinaton, ME 31702",taylorandrew@example.org,966666847,1987-03-16,Other,2021-02-06,893,SMS
188,Jake Bell,off,"97405 Jacob Fort, New Edwardhaven, VI 66167",adamcuevas@example.org,988481139,1982-04-20,Female,2022-12-18,818,SMS
189,John Madden,bill,"7817 Pierce Port, Mackburgh, MO 59504",mcdonaldcarlos@example.net,964304767,1968-06-27,Other,2022-08-15,797,Email
190,Gary Bush,laugh,"869 West Loaf Apt. 254, Michaelton, GA 70134",haydenprice@example.org,975395692,1972-03-12,Other,2024-03-29,311,Phone
191,Anthony Cox,lose,"122 Nguyen Vista, South Cody, GU 89202",larachristina@example.com,918457375,1985-08-03,Male,2024-01-23,77,Email
192,Jeffrey Rose,guess,"73313 Walton Spur, Isaacberg, LA 05158",hancockabigail@example.com,974643110,1988-07-27,Other,2021-05-02,753,SMS
193,Deborah Blair,brother,"6845 Johnson Prairie, Leonburgh, OK 87476",katherinelee@example.com,987786954,1986-10-20,Other,2023-12-12,633,SMS
194,Troy Rogers,support,"50754 Kara Dam Suite 929, Vincentside, MI 71977",jayjuarez@example.com,986496947,1973-09-19,Male,2022-04-23,388,Email
195,Michael Patterson,north,"173 Hendricks Point, Jorgeburgh, CT 92620",melissa28@example.org,938268620,1970-02-24,Male,2020-07-13,565,SMS
196,Dana Barrett,school,"43698 Megan Orchard, Kelleyton, WY 35541",vbradford@example.com,963616673,1999-03-11,Female,2020-07-29,304,Phone
197,Teresa Davis,party,"PSC 7563, Box 1376, APO AA 74035",raymondgoodwin@example.net,958523691,1991-01-29,Other,2022-05-11,54,Phone
198,Xavier Evans,strong,"91981 Griffith Hills Suite 242, North Danielside, MP 51169",dedwards@example.com,968853878,1944-05-10,Male,2023-09-01,2,Email
199,Stephen Evans,watch,"18886 Phillip Plains Apt. 138, East Carlos, WI 65080",colemanthomas@example.org,957504241,1965-04-21,Other,2022-07-12,24,SMS
200,Adam Wood,paper,"9234 Simpson Skyway, Allenchester, IA 72236",jessica62@example.net,952593740,1979-08-22,Female,2022-03-15,499,Phone
