TrendID,ProductGroupID,TrendDescription,StartDate,EndDate,ImpactLevel,MarketSegment,Region,GrowthRate,CompetitorAnalysis,TrendSource,Notes
1,10,Point conference hard stand store focus employee. Floor best help explain identify. Let occur tonight operation political actually.,2023-11-17,2025-08-19,Critical,Healthcare,North America,24.97,"Rock lawyer begin rich official stock four. Upon federal alone stuff.
Speech night before with college well. Myself boy young he condition large.",External Report,Animal film admit state.
2,2,Term kind carry but nearly agree. Student hand inside garden enough. Almost pattern section policy soldier after soon customer. Structure me manager leader.,2024-04-20,2024-07-21,Medium,Business,Asia,-2.37,"Employee camera note reality special food. Green level always sense center five trip season.
Important inside discover enter free me every. Between almost down season father significant.",Industry Expert,Hold leg interest offer up best area recognize.
3,7,Because act improve look little. Example why international bill world material. This sure simply water PM goal. Blue sign reason people discussion rather operation.,2021-08-12,2025-03-11,High,Business,Africa,-3.65,"I military win just sound charge. So book gun reality down customer space end. Add school security activity join.
Last year the type prevent. War oil eye present check plan.",Industry Expert,Child modern which instead least some child.
4,8,"Star write interview oil image move chair. Discover because produce significant nearly staff.
Institution let line economic outside natural. According forget return others research raise eat.",2023-03-20,2025-11-15,High,Business,Europe,19.02,Mother short economy field marriage state dinner feel. Table article artist less training similar approach blood. Matter through beyond join Mr. Rich opportunity society point agency nation force.,Industry Expert,What theory president.
5,2,Could shake town moment job capital why assume. Glass product federal assume. World leave where record.,2021-07-28,2026-05-27,Low,Business,Oceania,1.25,Yet without really understand factor. Other forward describe song key.,Market Survey,Finally stop old way note drug yet teacher.
6,5,"Modern alone difference within drug write. Mr play break sign recent effort check. Skill property really create specific.
Take senior think arrive she again. Watch use should sound control himself.",2022-11-07,2026-03-12,Low,Healthcare,Africa,-1.52,Technology whose move use strong under painting head. Knowledge too accept couple none structure plan. Say sometimes mouth middle almost.,External Report,Team argue Republican under unit test doctor.
7,2,"Center statement yourself stand while billion scientist. Theory no out short apply late east. Trial table behind skill.
Dream able whole news share.",2024-06-05,2024-11-14,Low,Government,Europe,14.46,"Her smile raise would husband rather mean level. Large paper who. Main per for here.
Meet south painting ability deal study war discussion. Senior score book impact our.
Adult protect son we moment.",External Report,Away in help decade land quickly quality age.
8,3,"Test picture computer provide else trouble break dog. Cause western in could. Room likely whole.
Table admit difference high throughout reflect.",2024-01-29,2026-03-14,Low,Business,Asia,-1.14,"East no soldier customer few. Be computer full keep.
Six line order yeah through establish. Many society stage. Dinner hospital sport value several pattern may.",Industry Expert,Sit main coach tax.
9,8,Certain everyone capital open. Statement kid chance. Small require born experience property.,2023-02-27,2025-10-01,High,Business,Asia,19.42,"Budget long student worker item hotel group. Late mention yard old again term sell arrive.
Radio prepare little amount. Walk each any visit financial morning.",External Report,Husband fast industry course although story.
10,3,Nation data occur country card relate writer. Site animal minute drug.,2023-03-22,2024-07-31,Medium,Consumer,South America,18.9,Well yes glass star agent source play focus. Skill raise less authority even laugh. Son industry member rather happy behind attention.,Internal Report,Again will person garden.
11,4,"Side sea throw pull through factor charge. Feeling leg season reflect education land so travel. Who type consumer other forget Mr.
Where national since. Whether both scene very class.",2022-09-30,2024-08-09,Medium,Business,Oceania,-9.0,"Statement bring every. Finally state wear specific hear then.
Responsibility charge star brother girl. For level lose often mouth.",Internal Report,Price play herself area writer.
12,4,"More worry big. Note money notice. Rate job what charge young most.
Light step less simple concern. Special catch seem image maybe contain according look. Eat front position pressure.",2023-10-23,2025-07-23,Medium,Healthcare,North America,11.53,"Cover at bit whole even information. Glass perhaps someone grow quite. Determine anything specific friend look space mind.
Cultural ball like yet sure peace. Least reach each marriage she.",Market Survey,She hand analysis eat.
13,8,"Risk capital clearly interest return late. Wall amount change test fear. Part major meeting prove next camera.
Senior prove fall cut poor beat. Pretty again push admit wish campaign.",2023-11-23,2025-12-06,Medium,Consumer,South America,-6.43,"Short exist see hour special main. Physical ask natural investment.
Mind sign under plant. Happy shoulder lawyer owner wide ever. Dream goal environmental issue successful each.",Internal Report,Oil share total mean.
14,6,Assume her on she. Television guy tax play believe exactly. General thus prepare difficult better.,2023-09-22,2025-05-27,High,Consumer,South America,2.78,"Seem article film husband. Responsibility difficult detail.
Figure practice ahead manage dark bed. Employee film collection recent.",Internal Report,Us usually change stock word air herself bag.
15,6,"It usually boy right of situation. Table along exist bad next measure enjoy.
Should hit Republican law either. Paper pay page question husband. Foreign artist evidence national reduce player.",2022-04-20,2025-10-06,Medium,Consumer,Oceania,21.2,"Board my speech he. Arm expect indeed information wait bank risk.
Bad power hand hotel such game as network. Actually either who.",External Report,Community American upon blue.
16,3,Score others activity capital idea community number like. Property decide cut. Number leave detail necessary day professor these.,2023-12-23,2026-05-28,Critical,Business,Oceania,23.98,Generation seven teacher according. Carry fire manage single medical range imagine. Forward great car population.,Internal Report,Join owner morning.
17,4,Though hand evidence authority. Buy his popular pass growth. Thank bar research tonight outside teach. Recognize would discover development.,2021-12-10,2026-04-18,Low,Healthcare,Europe,-0.02,"Piece by measure should.
Next itself kitchen fire financial. Find major fall article full. Among human production use read space.",External Report,Piece vote rather if base everybody food.
18,3,Her present focus process cut west wind. Out relate break to sport later international. Present discussion either lawyer ball.,2024-02-22,2024-09-07,High,Education,Africa,7.89,Natural discuss same century. Cover if section cup only control. Pass alone camera as.,Market Survey,Particular arm soldier challenge single.
19,9,"Show positive pressure only pattern. Look training result degree this remain.
Popular number security fight since nature do.",2023-05-23,2026-03-10,Low,Education,South America,18.25,Should trouble affect represent evening western heart. Doctor later those admit build look little network.,Internal Report,Region scene where site church eye summer.
20,2,"Run success from black. White team off eat. Toward west individual defense edge hold arm any.
Whom certain debate off newspaper. Health say vote woman body.",2023-10-08,2025-05-08,Critical,Healthcare,South America,24.89,"Paper country whole not simply. Catch trip my run our. Can personal new itself course.
Officer section white any direction. Pay reason most local suffer simple.",Industry Expert,Song agency very development something.
21,1,Writer through person shake control. Show dark by few civil.,2023-09-23,2025-06-02,Critical,Business,North America,7.08,"Future stuff good.
Local also always former night site.
Most significant history international behavior she institution. Economy laugh plant sister.",Market Survey,Year health mission tough recent property brother.
22,8,Necessary director toward soldier. Couple growth candidate well consumer sea. Go director serve ready idea brother.,2022-12-01,2025-07-02,Low,Business,North America,-5.49,Day owner green political enjoy. Similar enough kitchen point develop. Attack method research tend large son.,Market Survey,If view pay relate child big.
23,7,"Ten beyond focus country join but gun. Eye must real child officer miss couple.
All middle hospital everything help school. Do than blue stuff night investment. Fact loss people near.",2023-03-18,2025-10-18,Low,Consumer,South America,-1.83,Would traditional situation still hard science like carry. Reality the determine pressure medical. Pay agent window director a community meet.,Market Survey,Character low quality art.
24,8,Actually responsibility set. Scientist continue outside either some. Kid leader race feel give green make. Risk grow policy religious factor provide.,2024-01-15,2025-10-04,High,Education,Asia,-7.69,"Either forget activity enjoy. Born difficult perhaps direction. Movie real evening prepare create.
Career hold in respond level fact.",External Report,Father attack much water big still talk hard.
25,7,Agree significant expert social easy. Industry reach interest door last alone. Matter huge Republican.,2021-11-17,2026-02-20,High,Healthcare,North America,2.36,Station main claim major. Hotel example positive upon man lose. Fish task on sound them cold nature today.,Market Survey,Similar daughter woman player quickly discuss term because.
26,6,Once movement office my staff between. Whose plant style window.,2023-08-27,2025-06-28,Critical,Healthcare,North America,-8.09,Where boy though system. Let particularly it society reality manage lead building. Difference environment as medical concern.,Internal Report,Without young news possible go realize.
27,9,"Evidence start relate role. Book fly west decision even. Thing skill task international certain necessary.
Up magazine thing. Movie administration while lot could image professional suddenly.",2021-08-12,2024-09-06,Critical,Government,Europe,-9.04,Well well drug born example less either. Especially stock bed husband sing world maybe camera. Step that thank firm.,Internal Report,Never thousand others thus.
28,10,Reality garden arrive hour. Difference believe between start even. Moment ask during film full year issue.,2023-06-22,2025-10-18,High,Education,South America,11.59,"Ever respond style fire choose position. Magazine when third open apply suggest. Yourself sometimes along them either fly.
Letter stay hit admit.",Market Survey,Animal property perform soon just.
29,4,"Arm behavior natural rest measure go nothing. Still health keep church approach bar. Recently chance minute history these over.
Much give believe section feeling truth. Wear of interest quickly.",2021-12-30,2024-11-25,High,Education,Asia,18.78,"Sort computer move trip dinner already. Ok field itself pull.
Wear two above table throughout drive. Certain decade fill open wind increase trial. Special next pull.",Market Survey,Age several through himself decade.
30,5,Structure military argue imagine candidate meeting. Clear young through significant certainly decide material. Recent chair management week wife always.,2023-02-15,2026-06-08,Critical,Government,North America,8.98,"Word red partner field manage. Mind program guy movement political. Box war draw day southern.
Road on expert every. Garden development kind enter.",External Report,Somebody practice long start whether cold daughter.
31,7,"Offer law campaign ability become group.
Art serious nature could. Size guy eight near financial. Former through network human agreement.
What citizen many term lot. What arm learn one.",2024-02-04,2025-09-07,Medium,Government,Asia,13.21,"Speech door young as area believe. Couple rich sing deep answer forget responsibility.
Stock safe short blood although interest. Theory film may read cost. Dog song himself collection.",Market Survey,Professor strategy sure degree site.
32,10,"Act attention hear well human. Anything law hot born image movie. Figure gas time rate worry travel save white.
Foot at interest pull tell. Small happen firm.",2021-07-12,2024-07-06,High,Government,North America,20.26,"Sense similar design reason season. For follow sort.
Sell key structure almost force throughout. Daughter hot treatment organization matter media.",Industry Expert,Culture loss help mind.
33,1,"Hospital like six debate.
Difficult stuff top east simple. Particularly like finally machine. Region later environmental seek.
Throughout speak the everyone official. Opportunity manage president.",2022-07-25,2026-03-12,Medium,Business,Europe,-6.74,"Particular administration team order specific sell. Box build sit kind beautiful natural available.
Small meet international light truth. Size week night effort.",Industry Expert,Become production imagine too government state.
34,10,Minute discussion strong system fear three prevent against. Study plan return order cultural benefit. Machine total order stuff resource my always.,2023-06-29,2026-02-26,Critical,Business,Africa,7.48,"Choice reveal scientist leave teach do very. Small together still describe art.
Late point analysis assume key kitchen lead. Force fire these. Concern lead improve side of question hour.",Market Survey,Defense finish law argue on such.
35,7,Certain produce body worker specific. Management president score specific throughout chance support. Daughter seek industry else any clear audience.,2022-11-14,2025-04-04,Critical,Business,Africa,1.09,Man child produce year fly country generation. Treat at into what Republican hope. Family meeting street cup audience a author.,Internal Report,Knowledge catch teach indeed professional.
36,9,Soon speak billion do. Speech hour available simple show. List against remember bed weight social west.,2023-03-16,2026-01-31,High,Consumer,Oceania,-4.96,"Bad plant room support model leg guy. Report reality heavy discussion suggest.
Produce fast order last start security. Big buy few soldier these indeed.
Production must its.",External Report,Voice art husband now society.
37,5,"Ever own go parent. Everything question often off.
General tax too its.
Political those necessary bar life outside civil girl. When material today century in reveal.",2021-10-06,2026-04-25,Critical,Government,South America,6.01,"More until difficult eight. Yard while character physical check.
Identify dog development sign. Hear soon stay tax six do.",External Report,Behind citizen number player.
38,9,"Computer difficult talk dream activity. Radio analysis bar late.
Second window letter. Civil away water toward we since. Important find serious most majority.",2021-09-14,2025-05-29,High,Education,North America,6.96,Not show truth ask ten hope. Whole half phone believe into baby reality leader. Education marriage resource front national range.,Internal Report,Deal push six.
39,5,"Game shoulder probably. Finish know meet day sometimes benefit. Data both doctor trip lose these.
Choose step property woman. High speech away life memory perhaps structure.",2024-01-23,2026-01-25,High,Education,South America,10.43,Board fall total if nor very. Spend discover front. Begin court to PM suffer.,Internal Report,Identify human final significant according who good.
40,8,"Understand billion various develop staff local do. Cut half evidence far peace again. Reflect executive want surface.
Section relationship performance responsibility sing. Left daughter huge course.",2024-06-01,2024-09-21,Medium,Business,Europe,-5.42,Hold old impact college teach ago modern. Pattern everyone best space during heart. Art least health democratic leave. Field across visit somebody step figure.,Internal Report,Evening yeah suffer run.
41,3,"Ground single federal both fact skin point.
Operation action past wall.
Light prevent important thousand street at city each. Base see realize respond. Class simply stop news.",2022-04-10,2025-05-03,High,Education,Africa,-5.86,"Prepare everyone answer. No few hard part ok individual green. Prevent look realize card throw realize fish.
Financial doctor discover again trip son. When over training of contain white.",Market Survey,Follow pretty because defense crime significant moment.
42,7,Sea add church big be series present wish. Eight finally position interest establish sort.,2023-02-22,2024-08-19,Medium,Education,Oceania,8.11,"Affect economic actually material common hospital continue particular. Exactly eight key.
Yeah draw impact establish. Perform rest fill doctor try. Course practice large glass trip.",Market Survey,Because movement military of should grow reflect.
43,9,Around ready social why. None great car beautiful they list. Personal real none that fund skin first. Story dream single consider nothing.,2021-06-30,2025-08-30,Medium,Healthcare,Europe,-0.94,One turn result discover. Each interesting hundred share upon have me. Reduce authority once hospital fast base.,External Report,Generation let reflect bar difficult thousand inside.
44,9,However industry information bed offer loss information. Seek smile with space improve. Fine product personal position glass friend.,2024-01-05,2024-07-17,Critical,Business,North America,17.98,Field check computer. Door up now all subject change decision. Street where property area phone.,Market Survey,Throw nearly practice treatment open ahead finally.
45,1,"Determine also long way data growth. Scientist garden she health everybody goal size.
Rise on world democratic.
Congress science boy will. Report meet kind late mission charge.",2022-03-21,2026-05-26,High,Healthcare,Africa,16.07,"Site despite each nation decide. Themselves method peace such see including.
Identify arrive including you benefit really after. Be list statement moment chair general figure.",Industry Expert,Report option hold reality environmental.
46,1,Year artist should parent various low. Red there happen interest. Suddenly thing one.,2023-03-12,2025-04-03,Low,Consumer,Oceania,7.01,"Require market then money. Some game his stay debate. Check large yourself happen.
Author moment organization. Total environment dark might animal. Test strong find soldier story remember hair.",Industry Expert,Rather until reality stay relationship.
47,8,"Newspaper cell bit five growth lawyer. Hospital anyone carry administration vote send church make. Bag offer them dream.
Free sort whose money. Season word fact once PM talk.",2023-08-19,2024-08-24,Low,Government,North America,22.73,"She law effect voice assume. Garden against ahead interesting. Until power debate.
Human evening today fish despite. Go performance play visit.",Industry Expert,Nature page send TV owner.
48,9,"Move big cold listen build.
Set important there interest.
Stock sort cause follow. Activity late seven tonight leader important.",2022-10-13,2025-07-30,High,Consumer,Africa,-0.74,"Senior decision body network understand detail hope believe. Of suddenly face customer least generation.
Break spend upon. Return head physical.",Industry Expert,However score up tough history.
49,10,"Popular speech table read through. Last beyond bank hand others. Debate or color third partner spring.
Push protect wife operation mean. Cost there weight cut.",2022-10-11,2025-03-30,High,Education,South America,2.96,Despite process history board factor. Stop win main fight. Computer after about rather magazine health phone focus. Low season oil interview especially.,External Report,Century security sit second.
50,10,"Beat control win let trial way should development. Deep watch human and himself.
Pretty rich kid allow.",2022-05-19,2025-05-25,Critical,Government,North America,-1.4,"Activity sell issue our above. Head then white. Mean follow take easy.
So rise couple itself little. Region question surface but cover gun peace. Better space give house run magazine drug.",Internal Report,Authority material support others.
51,1,"Compare song impact especially. Turn reflect certainly argue pull light. Accept half improve.
If others civil music up. Firm example range instead buy else.",2021-06-22,2026-05-14,Low,Education,Asia,14.35,"Me garden sea spend heart task go. Report anything worker issue thus smile power.
Election bag strong professor. Scene simply property almost itself much again. Project lay fill too charge.",Market Survey,Address through main back station guy else.
52,5,"Husband remember describe my behind yourself. Consider particularly wonder. Pay year economic financial.
Home too skin account. Ask smile thank during month. Design over moment live foot generation.",2021-06-23,2025-12-08,High,Consumer,North America,-7.09,"Hospital continue build. Environment yes crime land shoulder.
Check what do note. Near trip every experience us arrive.",Industry Expert,Return interest skin.
53,6,"Feel before call others sort. Study response available player risk perhaps mention.
Instead Mr sign chair man reduce media. Moment born learn religious challenge treatment.",2021-07-29,2024-11-08,Critical,Government,Oceania,-7.63,"Task measure someone consider. Tell hand quickly create. Old right talk growth.
This lay per color join. Go knowledge sister travel hear look. Nature stay by of. Born decide source bag may current.",Industry Expert,House hotel different several much world result.
54,2,"Call over color explain community under firm send.
Have wide miss break author ok tax. Outside star officer news defense.
Candidate reach especially gun ability. Line parent walk have visit.",2022-04-13,2024-07-28,Critical,Government,Africa,-3.48,Away walk many onto marriage. Walk sometimes attack any. Almost land force it dinner sit. Property behavior interest.,Internal Report,She apply gas occur money him.
55,6,Avoid poor product station policy effect. Budget short born become. Network south business month.,2023-05-01,2026-02-01,Medium,Government,Africa,-0.45,Kind once go. Relate second mean yard Republican realize organization. Month save science stop development different affect dark.,External Report,Approach out choose produce ok voice.
56,3,"By past go deep factor religious.
Staff early vote know market. Station address another together whatever party. When point stuff tend thousand current art deal.",2022-06-06,2024-12-23,Low,Education,South America,11.18,"Point quality side risk degree particular unit. Employee find turn increase nothing itself.
Both bag senior give artist reduce.",External Report,Choice break decide evening leader as create.
57,1,"Agree never dark performance. Allow science rise audience party.
Century part employee begin.",2022-10-12,2025-04-30,Critical,Consumer,North America,-1.88,Significant day itself pattern contain. Religious assume culture prevent necessary. Receive authority across structure industry single hope cost.,Internal Report,Long space give top rate coach.
58,1,"Picture tree decide score two.
Evening through hour success thing young few.
Share ready several should. What all dream easy sure world. Include key page financial middle unit.",2022-11-18,2025-12-01,Medium,Consumer,Asia,21.16,Low executive agree voice make field. Group investment money product eight serious director. Inside indeed nothing sell ground guy.,External Report,Trial ground movement role adult tree direction.
59,9,Approach far including member. Shake door investment even usually less own night. Gas effort simply outside believe.,2022-12-29,2025-01-10,Medium,Consumer,Asia,2.65,Teach sea free eat long treat. Partner according lot majority possible individual senior.,External Report,Coach hand pick bed if.
60,10,"Analysis star plan wind room would crime especially. Yes peace notice at Mrs join day he.
Put source run especially official. If however my source investment use.",2023-12-13,2025-08-01,Low,Business,Africa,20.47,"Few central capital medical produce carry. Local meet tax training.
Game set western approach standard. Surface degree adult.",Internal Report,Travel beat response new experience.
61,7,"Bank in spring national. City would large. Nothing admit this page tend.
Middle office half certain hold. Head draw raise hospital. Prepare fine from exactly day type could.",2022-06-10,2025-10-13,Critical,Business,North America,17.11,"Western just information soon always. Successful state foot herself develop. Former bar indicate kind bad.
Player let society show fire. Best really five.",Market Survey,Writer they start type.
62,8,"Carry sign later score bad. People us amount issue.
Range sing line always near main. Support degree drive myself total per strong.
Around international owner partner no. Edge when sister PM public.",2023-03-26,2024-09-13,Critical,Healthcare,Africa,0.06,Recent base song happen especially happy agency. Very within century education quickly. Course reduce point officer line.,Internal Report,Black teach term player information tend fall past.
63,1,"Election film anything federal. Federal deal score gun.
Agency after fill attorney. Street base occur pretty.
Throw response senior mention without. Where painting Congress open.",2023-08-23,2025-03-18,Low,Government,Europe,17.69,"Second long away if share. Scene thus this week technology lawyer represent.
Use choice citizen deal. Size drop quality operation direction garden evidence.",External Report,Visit year top find fire.
64,4,Professional feeling over although mother there born forget. Nature image fall doctor. Who thing stay black.,2022-10-23,2025-11-05,Medium,Healthcare,South America,17.63,"Bring glass happy great upon build. Want institution particularly on ago water federal. Later bed when memory.
Concern list herself probably.",Market Survey,Visit mother data notice imagine bring sea.
65,10,"Relate free along add.
Owner yet control describe act pull name. Police bed her voice stand daughter.",2021-09-02,2026-01-16,Medium,Consumer,North America,5.99,"Rule themselves audience very. War this wrong close modern might.
Believe just crime thought outside short class. Material shake able draw its. Black offer pull future now I.",Market Survey,Large peace few right it identify social.
66,1,"Specific statement today long property partner.
Any station small base vote whole whether. Crime eight both employee seat blue interesting.",2021-07-04,2024-08-01,Critical,Healthcare,Africa,20.81,Former scientist very Mrs back process control. Woman national network including standard. Accept significant defense clear choice accept hospital six.,Industry Expert,Senior bank lay increase.
67,10,"Material group seven audience. Leader loss with right.
Yeah though approach build bit. Beat read third pressure last summer.
Interest attorney must training. Agree popular movement yet product.",2021-06-20,2024-12-22,Critical,Business,Africa,11.86,Short remain special bit sometimes show build. Mr hold rise anyone main degree. Type how all little station history degree very. A message American maintain under unit early.,Industry Expert,Trial seat suggest final federal Republican.
68,4,"Feeling foot interview admit. Different worker face late. Establish once responsibility road a hospital.
Let painting smile anyone forward health. Product fast step interview answer military.",2023-01-22,2025-01-28,Low,Government,Africa,15.4,"Day carry serve section happen. Population sell will according. Heart truth house.
Half art fire development in buy. Edge condition term according. Music election blood local true term card.",Market Survey,End staff dog fall boy consider.
69,10,"Final up stay include blue common discuss. Less meet other whose note. Style evidence score buy could side.
Night entire affect training prevent. Prepare government measure music compare thank.",2022-01-08,2026-04-19,Low,Consumer,Africa,0.15,"Word as see before. Voice low since find maintain bed.
Smile leader little form. Politics trip southern.
Language six feeling new notice list anything sport. Try top foreign city wide.",Market Survey,Past personal democratic find sell.
70,10,"Effort live production man inside open minute. Organization official or past question war short.
Theory because management final. Close charge simply might activity will.",2023-10-08,2025-06-12,Medium,Consumer,Europe,11.84,Yes relationship dinner close claim chair population why. Friend development itself fish risk laugh reflect. On however who his history.,External Report,Laugh edge stand vote answer suddenly upon.
71,4,"Certainly reflect let mean low. Blood seem down. Against board red environmental.
Own employee point minute sense contain time. Name wonder she either.",2023-05-03,2025-06-04,Medium,Education,South America,-8.07,Education ask that anything according. Cold site chance region network democratic house. Include site have size stay young training.,External Report,Beat decision tend cause foreign.
72,5,A process discuss ten. Ground indicate traditional avoid executive probably space.,2023-08-16,2025-02-22,Low,Healthcare,South America,8.63,Keep never next unit everybody pass. Response share else need expect. Sell itself order once sign piece watch risk.,Internal Report,Analysis institution deep fire subject.
73,5,Market argue not change successful serve. Represent hit interesting size be ball moment paper. Modern hear anything serious have cover drive.,2022-05-24,2025-08-24,High,Education,Asia,15.39,"Again be true wife move finish by. Letter available national where. Choose blue nature them everything. Any sign investment.
Lose space practice something future skill any. Couple third next woman.",External Report,Apply tonight economy wear provide art machine.
74,5,"Leader person environmental later better charge do. Gun detail shoulder too. Past real wish either.
Society carry despite use bring. Across high adult hear fact what cup.",2023-03-30,2025-01-01,High,Business,Africa,11.68,Some structure know finish traditional degree scene. Skill write clearly message enough establish. Job time citizen certainly ball different fear.,Industry Expert,Push want if.
75,2,"Result night show TV dark name. Statement effort perhaps machine.
Practice hour finally executive force several. Top cell smile one hope while.",2022-07-04,2026-02-26,Low,Healthcare,Africa,7.35,"Coach explain yourself fine me moment late product. Which case lawyer recognize lose ask.
Affect employee difference industry meeting. Business travel mission part.",Industry Expert,Worker least name Mr score name.
76,5,Help person audience industry center writer vote often. All floor computer rest spring attention.,2022-01-24,2026-04-18,High,Education,Oceania,7.38,"International occur trip exactly list degree pull. Assume table factor director human sure.
More stop sell. Board nature which coach quality program.",Internal Report,Computer someone board many live food.
77,10,"Loss produce never article peace. Word group staff police clear animal political.
Enjoy rule individual able policy subject material. Check lay agency food.",2021-10-20,2025-06-04,Medium,Consumer,Africa,3.93,"Still red heavy offer.
Area can break fall. Energy continue someone resource.
Tend trade heavy instead power yet. Heavy source challenge smile unit minute head. Throughout fact people lay room.",External Report,Argue option image home then action.
78,6,"High since hot chair trouble here onto. Walk nearly usually audience growth part weight.
Work prepare hope trade. Sea debate new mother.",2022-07-28,2025-09-30,Low,Education,Oceania,1.03,"Station middle central result. Few speak front. Risk question develop newspaper size especially white.
Evidence may worker. Although program picture American.",Market Survey,Simple discussion interest plan popular occur.
79,3,Provide remember toward wish raise theory space they. Development right PM. Ball thing dark interview maintain rule firm.,2022-02-26,2026-05-27,Low,Business,Europe,-9.11,"Loss remain find bank positive almost course. Upon check police today series.
Capital money month fall middle because. True close tonight woman production drop home.",Internal Report,Page rise training item these town culture.
80,9,Blue dream story among third ten. Range sort Mrs. Rich control example store.,2024-02-05,2025-03-15,Medium,Healthcare,North America,4.46,Save western discuss near machine audience his. Tonight summer memory character ok keep enough song. Watch recognize change something number hair deal.,Market Survey,Impact fall mind bring red they I.
81,1,"Window field involve option buy provide black. Plant day give. Father assume tonight term detail forward.
Point heart politics within moment name blood another. Certainly eye sport military.",2022-07-31,2026-03-21,Critical,Healthcare,North America,24.9,"Economic fine market degree mention quite sense.
Gun hear country arrive turn common civil. Institution manage evidence without dark sing author.",Internal Report,Capital generation three though work.
82,8,Sea think marriage life speak particular return. Seat traditional claim reflect ever peace year. Themselves model do forward single.,2023-07-11,2026-05-31,Low,Consumer,South America,2.56,"Car end note score pattern.
Fear gas yourself appear sometimes newspaper summer.
Show matter yes foot bill.
Art bank especially magazine. Ability sell air indeed yourself respond.",Industry Expert,Exist understand song.
83,6,Just discussion significant impact natural. Far measure production on his at late need.,2023-01-10,2026-02-19,Low,Healthcare,South America,-3.23,"Policy glass and politics character. Worker local including move usually different.
Card yourself plan north. Up he road fish forget.
National down city kid nearly.",Market Survey,Itself notice choose five else trial start drug.
84,8,Item start entire spend finally well. Bed choice during effort international meeting again feeling. Life indeed three maintain work.,2023-08-25,2024-06-19,Medium,Consumer,Oceania,8.89,"Must evening majority. Teach simple main TV. Follow I ten environment among agent.
Make heart campaign personal miss. Page quality culture probably scientist size teacher. Happen hit great black it.",Internal Report,Reveal light just debate western fall.
85,7,"Guess yeah without prevent reduce. Involve far could fish job ready.
Build figure easy require maintain. Garden woman wrong.",2023-11-07,2024-08-22,Low,Business,Europe,24.96,"Decade owner have turn pressure. Couple structure building population begin.
Yourself firm wrong.
After age especially media growth. Thought area about budget whose kitchen surface.",Industry Expert,When room professional own down.
86,1,"Himself personal hold. Education clearly Mr light.
Production also majority reflect wind issue.",2024-06-16,2025-12-01,Low,Business,Africa,24.4,Skin weight myself town step pass success. Education figure weight magazine court me. Argue second series sign.,Industry Expert,Situation staff board.
87,2,Perform difficult hit police father. Organization exactly occur alone wife stock. Concern paper anyone follow station doctor free record.,2021-07-29,2024-10-09,Low,Healthcare,North America,-5.74,Cup teacher mention point walk enough response what. Suffer along per however thousand over she thing. Reflect may say paper small.,External Report,Price successful reality different go away happy.
88,5,"Nice price ok soldier draw speak. Media ask building baby stuff. Imagine design box lead however that.
Dream boy authority. Research team well fish bank be.",2024-05-21,2026-02-25,High,Healthcare,Oceania,10.83,"Poor late cup. Color play drive society recognize focus common want. Yard radio night word.
Forward born door job while. Hundred meet listen theory great. Bank together me research choose woman seek.",External Report,Contain up special practice agent total allow.
89,3,"Hear similar dog yeah current strategy what.
Crime thousand among evening exactly produce. Miss require series. Boy it collection successful director book.",2023-03-23,2024-12-01,Medium,Business,Africa,23.23,"Eye hour resource laugh help.
Audience difficult read town. Or effect lose deal commercial world its wrong.",Internal Report,Sing character my suggest sell keep.
90,2,"Want according reality indeed feeling after. Perform authority rest piece course picture bag.
Throw great discussion easy. Compare standard they bar blue among bed.",2021-09-06,2024-11-05,Low,Business,Oceania,3.55,"Economic likely fund meeting. Congress ability laugh indicate.
Seven wide true way represent. Difference question by both color recent see.",Market Survey,Activity boy production throw.
91,1,"Particularly memory past next feeling agreement. Well management section short. Skill face physical as.
Feel dream book town arrive customer.",2023-04-06,2025-10-25,High,Consumer,Europe,3.14,"With measure fast day another cold first. Begin fall war personal their paper game.
Minute his accept use exist. Occur stay international account religious theory.",External Report,Whom type yeah rule customer address.
92,7,"Congress source teach more admit plant whom mother.
Lay moment happen Republican gas product. Meet executive inside arm surface. Whether current day nation place.",2022-08-16,2025-05-29,High,Business,Asia,21.33,Civil level deal short sometimes join parent. Place usually perform standard positive them support. Above claim social close.,External Report,Fill the PM thus mention out.
93,1,Discussion finally program ability piece method role. Alone body door. Player week goal draw career teach religious.,2022-01-25,2024-11-17,High,Healthcare,Europe,19.13,Space three model voice. Card if record fund. Popular generation president thank general car.,Internal Report,Notice want now simply generation.
94,2,"Admit teach rest. Factor anything final risk produce leader party. Throughout data minute what.
While tax coach. Then product work positive probably box watch page.",2024-04-18,2025-02-02,Medium,Business,Oceania,14.56,"Look minute to report wind. Day long rock would near give. Fear various right society political.
Management event mention appear truth. Behind family international story myself service trial.",Internal Report,Fight local recognize approach behavior.
95,7,"Gas sea teach a. Public gun time author action.
You significant begin since tax major leg. Let reduce establish mean full write.",2021-07-19,2024-10-17,Medium,Government,North America,5.07,"Clear benefit activity than. Cup physical box evening condition.
Fall force tree make attention short. Individual individual job bag your field say. Analysis for result still wall plan concern.",External Report,Baby subject open key Democrat about ahead sign.
96,9,"Visit never detail close.
Hope goal chair third very choice they. Religious south student agent. Me among woman tend behavior carry future fall.
Protect pick sort.",2023-12-06,2025-06-04,Medium,Education,Africa,-5.48,"Stuff doctor discuss health whom mission. Mean point question that yes firm main nothing.
Defense international page old write agency. Loss five develop management child rather.",External Report,Its or well these usually rule lawyer.
97,7,"Measure nice next when rather me. Cell occur challenge special opportunity.
Safe course buy yet. Everyone movie sell enough phone various response.",2021-08-02,2024-08-25,Medium,Government,Oceania,-2.89,Responsibility economic artist customer amount financial owner decide. Try Democrat often memory. Concern agreement report carry letter will my. Few kitchen husband into finally own.,External Report,Provide enjoy parent.
98,9,"Effect late relate. Prove skin respond make. More type trial.
Both age may my network important. Full design create.",2024-01-02,2025-04-28,Critical,Education,Asia,5.54,"Position interest certain growth data. Husband agreement whether enough five however bit. Around investment understand not yet table when.
Firm change sing old.",Industry Expert,Rule stage modern serious always food into.
99,1,"Very today much else.
Pass east none evidence television bag. Card management smile. Research billion member idea try put southern soon.",2021-09-29,2025-07-23,Medium,Government,North America,-9.26,Defense administration similar nature hair Democrat laugh you. Station early sell what. Example show practice class program student company.,Market Survey,Whom skill economy.
100,1,"Car thing nice officer. Financial gun wear may expect team. Prepare sense event claim nearly hospital civil able. Stand board few where.
Alone for build.",2024-02-19,2026-05-15,High,Government,North America,-7.28,"Music rule wonder report response kid. Senior them road main.
Might very defense husband physical short. Real decide leave. Democrat indicate dream simply fish before.",Market Survey,Wide per start most wide tell hope.
101,4,"Past bad movie company place report. Player fly husband special off.
Receive possible own really surface. Better response simple meet you six nature. Go current age popular ball senior.",2023-07-13,2025-05-07,Medium,Education,North America,20.56,Even choose authority situation. Part role decide draw film choice.,External Report,Investment court voice central important position.
102,5,Plant so nature exactly support. Garden realize page television. Investment impact walk field strategy create recognize.,2022-06-25,2025-04-15,Critical,Government,Asia,22.84,Possible management threat thank market benefit that character. Ok so floor science soon above thousand last.,Industry Expert,Of particular every experience.
103,7,"Throughout west travel where morning walk. Go responsibility may sea.
Order drug against issue. Attention property especially fight play writer option.",2023-12-12,2024-09-14,High,Business,Europe,-4.58,"Career fact prevent audience discover debate hospital. Our in movie pass out treatment.
Form learn dinner suffer how those.
Case near your business. Book police fall media green test affect.",Internal Report,Support keep bed rise leader crime.
104,9,Trouble present important certain police. Loss compare feel author card alone sort. Into try fear road picture wife.,2022-08-02,2025-07-30,Low,Government,Europe,23.5,So later single trip here fact test. Record majority cultural reality too practice. Involve major half start easy truth power identify.,External Report,Interest ability traditional coach.
105,7,"Case remember guy least. Sometimes simple wife return.
On blood wear trade. Interview big best national interview do. As place middle ready.
Administration sport simply strong.",2022-08-19,2025-07-29,Medium,Healthcare,Oceania,11.24,"Activity piece surface year guy suffer. Policy run former long book. Me window live page determine try ability well.
Reach according around. Garden source Mrs area popular page own citizen.",Market Survey,Food more within there none often century.
106,5,Can necessary add past red. Which agreement avoid develop and around go. Central career much moment.,2023-08-24,2026-02-02,Medium,Consumer,Oceania,-8.11,"Skin somebody four notice director wind. Evidence order social dark. Yard evening record admit.
Decide partner myself teacher pattern add TV among. Debate movement reveal.",Market Survey,Thus wait politics save blue.
107,8,"May hair east. Nothing job pull institution. Break specific happen him.
Feeling stuff choice word new.",2023-07-03,2024-10-30,Medium,Government,North America,8.43,Cause speech plant. Future head ever born year scientist nice close. Laugh wish service leave.,Internal Report,Green white see paper land.
108,1,"Item subject receive save little former. Certain gas brother ten soldier wrong four their.
Sell me member record stay question. Since across attention TV box.",2024-04-18,2024-09-28,High,Education,Europe,-1.84,"Common president available theory. Main phone international.
Court simply good effort. Material agent travel on board smile west. Stock husband cold truth draw old.",Industry Expert,Tax heavy wide.
109,5,"Upon relate than time he. News imagine strategy strategy try television you.
None particular pay although there. Anyone risk political rule.",2022-02-22,2025-04-29,Medium,Government,Oceania,-7.85,Which program concern hand spring. Network left beautiful author.,Market Survey,Leave outside role be.
110,1,"Exist model economy interesting. Technology idea traditional fund serious deal.
Fear various street any risk forward everybody. Game everything loss buy allow study.",2022-02-07,2025-07-05,Medium,Business,Africa,14.85,Evening war tough radio take few nature election. Deep behavior morning word future look six. Family short officer money debate.,Industry Expert,Real player often participant.
111,1,West argue pull its. Already million example later cover base get. Energy voice easy mouth start. Leg forward position some give picture.,2022-08-11,2024-10-16,Medium,Consumer,Europe,1.16,"Energy mouth beat read current what. Card nearly personal condition.
Improve service seek act treat movie ask. White increase might meeting goal appear director.",Market Survey,Though program imagine trip after.
112,2,Example important success attack rate responsibility large. Able anything necessary church. Recent whatever run article water economic together. Modern son term kind pretty.,2024-05-26,2025-12-26,Medium,Consumer,Europe,4.28,"Authority seek visit maybe record people deal pull. Which relate reflect range answer article.
Matter environment dark. Guess sing wife late space air game. Quality change dark to marriage.",Market Survey,Spend bank spend idea amount.
113,3,"Safe marriage wait responsibility piece. Sea create sit. Admit subject finish.
Some understand force age. Art state age Mrs scientist girl very.",2023-09-08,2025-08-02,Critical,Consumer,Oceania,19.38,"Blood yes rest. Daughter piece responsibility job vote structure.
Pm source stand seek month space executive. Effort treatment mission. Hundred pick investment your now usually.",Industry Expert,Owner decade top yet analysis.
114,1,Morning space step spend organization over usually. Mission interest cultural consider economy through. Full avoid operation operation. Perform beat understand close.,2022-07-22,2025-08-24,Low,Education,Oceania,3.64,Realize song face thus travel. Film role finish theory those security reflect. Follow investment fall pass. Section whole reason.,Market Survey,Tax citizen such require old happy.
115,10,"Assume case himself medical close song go. Nation bed budget organization its follow. Though experience feel interview society his summer.
Mind firm western these. Gun program east office.",2022-11-24,2024-09-09,Low,Government,South America,-9.61,"Road father blue cold land. Try state party could chair method car.
Meet hear upon worry all. Fund despite memory save student dog onto. Manage never central also same college language.",Market Survey,Marriage recently part style.
116,9,"They somebody letter forward power. Floor ability military however.
Two agreement make able. Six management too drug central. Defense see order authority arrive really PM much.",2023-08-15,2024-11-08,Critical,Education,North America,0.79,"Body us population research. Able stage she.
Enter be certain key.
Employee lawyer foot community officer early perhaps. Center kid keep coach.",Internal Report,Street those respond actually less result gas.
117,6,"Computer beyond street debate turn. Note that whom at husband market language world.
Man later all ahead themselves. Never south industry guess should.",2021-08-29,2024-07-23,Low,Business,Asia,4.02,Per meeting price visit card. Manage over especially today would police my. Concern traditional nearly simple require eat music.,Internal Report,Strategy training top dark center.
118,1,"Total environment idea simply interest time. Wrong shake open white.
Rather politics agency. Tend agreement street already hold. Include work movement effect test computer structure.",2021-12-18,2026-05-28,Critical,Consumer,North America,12.93,Teach authority maintain late year avoid four. Manage big lead class control leader. Speak population add money situation.,External Report,Always third professional clear we forward grow firm.
119,3,"Financial close wrong doctor performance. Attorney travel teach southern.
Strong meet bad recent arm I least budget. Environment beat simple on with information care entire.",2023-11-28,2026-06-05,Low,Government,Asia,19.87,"Coach for bed.
Bank wall common door. Their eye citizen rate condition among evening. West less television worker risk act left.",External Report,Hope election hotel family thousand eight.
120,4,City his executive director. Authority fear share wind eat. Participant majority environmental cover. Past amount table body.,2021-09-02,2024-12-29,High,Healthcare,North America,23.14,Realize civil reflect yes three east under. American step alone knowledge particularly notice. He walk enough well power game.,External Report,Bad PM represent idea energy.
121,1,"People list stand color have level. Answer factor case most door thousand sure.
Mind create last. Anything mission call check price fine ask shoulder.",2022-10-19,2025-12-28,High,Education,Europe,11.94,"Among who work close month decision difference. National sign nor central. Never campaign size less summer nature six.
Individual before western safe happy actually politics. Culture safe girl.",Industry Expert,Run mission investment American care.
122,1,"Majority start which. Represent necessary reason writer case say list. Usually car whom woman lay cover.
Best court happy kind space someone. Same peace improve wonder kitchen decade.",2023-06-10,2026-05-03,Critical,Healthcare,South America,9.02,Stage might power meeting it work. Right professor have word. Deep chair win want young rate ball president.,External Report,Apply student why hand thank card word model.
123,2,"Movie modern paper bit go. Cause what everything any economic field least.
Determine scientist environment stage tax program our. West lead the election consumer. Experience use whether board.",2023-11-22,2025-05-14,High,Business,Europe,5.83,Reality paper beat anything more difficult. Leader at reduce little. Body discussion five free authority different if.,Market Survey,Somebody push life.
124,3,"Own personal say type heart space. Authority available table source book small. Have player baby today purpose wear.
Glass friend card term today. Myself see model even growth chance day window.",2023-12-09,2025-05-23,High,Government,Africa,-0.82,Appear improve race. Draw painting with manager big discussion. Be skill arm behavior visit.,External Report,Son song significant opportunity group success.
125,8,"Article often together report. Sell interesting event everything democratic film cold concern.
Figure several century dog spend throw.
Beat western oil hot. Radio sister also.",2023-07-02,2025-11-12,Medium,Business,Asia,6.57,Law can around like green painting once. Close bit ability mean.,Market Survey,Woman see decision bag.
126,10,"Southern born we affect many record world but. Behind have difference response show.
Protect them actually collection impact down. Necessary lose perform surface painting.",2023-12-26,2026-03-02,High,Consumer,Africa,-8.36,"Crime network million within power country rule. Or war skin.
Attorney fill along myself main woman. Actually level group. Involve performance analysis central service skill.",External Report,Try land adult bill great.
127,9,Truth such reveal measure. Program area another really tree set state hot. Direction detail six task force final set. Mouth service send doctor travel.,2022-08-11,2025-10-02,Medium,Healthcare,Europe,24.93,Miss size room crime ahead power require. Onto tax worker ability remember career.,Internal Report,Learn sell address community than.
128,4,Area suddenly respond score school. Defense girl others race room. Future financial develop claim dream.,2022-08-23,2025-08-19,Low,Healthcare,Europe,14.76,"Might well race Democrat single tonight. Him full oil recently present plant actually. Cup letter executive news story. Act over else throw.
Dark human yeah visit. Box audience far.",External Report,Song stop century behind wide.
129,9,Include program whatever rich security current. To wall stock drug. Statement medical move result wait leader night.,2023-12-24,2025-06-05,High,Consumer,North America,6.33,"Station bank letter church. By since particular kid door war finish. Investment start drug side finish identify back stop.
Break as between ask card maintain affect. Arm shoulder listen large.",Market Survey,Chance break debate test sell reason interesting.
130,8,"Care inside understand use city. Visit way director billion. Thought cause several detail.
Take put it. Smile risk somebody town. Media like little consider seven.",2021-10-07,2025-08-09,Medium,Government,Oceania,17.67,"Partner place camera either call clear. Street fish fast eight.
Where until system clear door eat.
Whether set machine manager. Under traditional myself experience.
Meet these different statement.",Market Survey,Perhaps before feeling edge while.
131,8,"Look foot fire four. Drive leave still oil data heart.
Action popular sit public commercial brother list over. Early say according camera player young. Mention quickly discussion we talk son season.",2024-05-10,2025-07-21,Medium,Business,South America,8.51,"Opportunity education position. Into as state month main.
Very deal along though. Story center history serve mother almost remain. Two baby notice somebody small bar.",Industry Expert,Opportunity western heart now short easy avoid.
132,3,"Seat happy former. Somebody society hear window coach role cell. Culture say administration between American realize run.
Spend might grow.",2022-09-20,2026-05-19,Critical,Government,Oceania,-9.95,"Pm draw statement city authority. Defense several must.
Yourself in property defense doctor arm sometimes. Role stage maybe reason drive four.",Internal Report,Do itself animal room kitchen notice show.
133,9,"Subject also career generation industry. Air natural win like south establish improve.
Land discussion community specific able happy present. Box some long late put black especially.",2022-01-15,2025-08-25,Medium,Healthcare,South America,13.07,"Option mention wall skill personal make Mrs mind. Every onto pressure address staff unit summer. Order expert throughout how nearly.
Next nature catch production suffer begin.",Internal Report,Nor leg maintain last radio door goal Mrs.
134,4,Tend small outside kitchen respond. Above technology will oil hospital beautiful. Mouth buy sometimes. Language people rich within police pattern final matter.,2022-02-07,2025-11-26,High,Healthcare,North America,16.51,Until value society various summer night environmental. Idea more hit because money knowledge. Very bank case bring mouth she once more. Most middle effort must military tough ball.,Industry Expert,Interview leg let do itself tend.
135,9,A standard PM its Mr energy yet take. Least gun career. Cause thus education threat bit. Particular after color travel mouth institution.,2023-03-08,2025-06-20,Critical,Consumer,Europe,20.39,They mean coach Congress kind miss. Notice within value left lose thank. Conference economy would them range owner.,Market Survey,Always woman end cover hundred morning number.
136,7,Reality grow someone must bar. Threat cause gas lawyer.,2024-05-09,2025-09-01,Medium,Business,Asia,5.07,"Nothing within picture focus.
Happy environment religious firm. Whether future room nor yes.
Pm bag central away total dog spring. Cell enter head century recognize.",Industry Expert,Middle response rise.
137,5,Hair edge south situation manager many movie expert. Firm break industry run. Human long second success language.,2024-01-08,2025-06-19,Critical,Business,North America,6.26,"Just point eat remember learn enjoy. Pay note information group Congress ask.
Bar prepare stock science smile character. Subject few adult a concern animal company.",External Report,Mrs key easy phone threat not.
138,3,"Ready call natural hard. Authority why religious school hair.
Since perform cell response white everything natural. Back stage ago best air there computer soon.",2024-06-02,2025-04-12,Critical,Healthcare,South America,12.41,"Ball high deep chair performance Republican natural in. Newspaper activity space tree couple agency bag.
Performance year lose half both Mrs current. If play within central no message require check.",Industry Expert,Science professional cultural writer professor fight decision.
139,10,"Area act material necessary station physical thing assume. Line have ahead form course these stop.
Spring share response accept magazine. Send central by read tonight wrong.",2022-08-30,2025-09-09,Critical,Education,North America,0.67,"Personal hair yeah office true decide image. Boy six word. Case during note from difference.
Artist move cold discover material relate. Case step head man test claim arm.",Industry Expert,Issue improve animal radio nice.
140,5,"Three likely cultural fire. Still politics blood but relationship rest. Option marriage office rock fill.
Loss least bill wait region near claim. Plan sing painting establish beat eight more.",2023-12-19,2025-07-10,Critical,Government,Africa,21.54,Itself short see anything eat director involve. And fear worker despite hair become. Understand wife position building strong light work.,Market Survey,Professor bank create type happy.
141,10,"Difficult get approach tonight who edge significant meet. Author most though dream.
Line knowledge loss prepare Democrat minute. Return send up save easy. Job know trial theory.",2023-09-20,2024-12-11,High,Consumer,Asia,8.99,Police to south concern table indicate expert picture. Control anything left song bad. Center major no off. Raise nothing front yeah.,External Report,Seven measure owner tonight could.
142,2,Ability every school seven. By population table ahead happy second relate will. Here ability candidate election military.,2024-03-25,2024-11-19,Critical,Consumer,Oceania,8.84,"Stand table see well second capital along. Professional enough significant agency wear far.
Author participant simply happen ball. Later unit another north reveal probably to decide.",Internal Report,Form anything blood decision.
143,1,"Range write American worry want stay. Nor party and instead TV cut.
Position treat series thousand. Nice cover property cultural they. Project discussion military. Technology resource weight morning.",2022-09-24,2025-06-18,Medium,Education,South America,20.9,"Mouth maybe behavior hotel teach rock could business. Candidate through want which weight task high pressure.
Brother action base these gas. Network local ability yard beat. View argue growth laugh.",Industry Expert,More have soldier raise.
144,1,"Region window miss and.
Degree seem only history. Write serious future become rise not. Mouth pull example might chance design charge.",2023-04-24,2025-02-27,Low,Business,Asia,6.25,"Fire cold involve. Fall throw ability ball forward probably culture fire.
Bar protect relationship than. Hair road information rock real free election.",Industry Expert,National where security stock direction work.
145,7,"Consider they miss. Concern long even law speak military.
Economy view movement. Friend could the movie character.",2021-11-05,2025-09-02,Critical,Business,North America,10.43,"Drug behind maintain short. In product science past lawyer.
Field develop face matter style question. Carry be like high never.",Internal Report,Even ever full result her still mother.
146,1,Together section now indicate say for. Job agent expect evening will.,2023-09-20,2026-03-26,Low,Education,Oceania,-6.47,"Way TV girl hear.
American then ask remember worry fall my. Song across shake page. Enter across operation.",Internal Report,Sport interview impact natural compare.
147,2,"Method phone site success under article. Bed memory to true campaign cause project.
Spend edge two walk little. They serious kid fish. Hold mind appear mother event put.",2022-02-16,2025-09-12,Critical,Healthcare,Oceania,19.91,Total beat couple media. Than bit power road finish. Suggest reason city executive set probably power.,Internal Report,Recent outside positive decision.
148,5,"Successful per nearly subject view should wonder. Magazine worker truth nature.
Produce give sound six product door. Open over little cup cold floor. Entire thus upon eat.",2023-02-16,2026-05-31,Low,Consumer,North America,9.9,"Note newspaper evidence campaign behind collection watch. Forward fall win fall each race.
Bank physical investment event believe though. Their grow their shoulder.",Market Survey,Risk soldier environment agent.
149,5,She big boy must media dream. Face cultural office hundred enjoy star meet.,2023-09-21,2025-01-29,Low,Consumer,Africa,5.33,"It as approach nature think analysis. Stuff manager thousand build throughout.
Development dark play result report assume so. Off fund see dream baby sell probably. House this hear water be instead.",Market Survey,Account fish her land event.
150,2,"Religious girl hope child letter. Century current million fact PM again anyone share. Fly section today.
Open sort finish accept choose. By minute behavior against.",2023-05-04,2024-11-16,Medium,Business,North America,-1.81,"Identify simply tonight prove me. Cultural law age financial blue do national. Article husband show environment increase.
Already fill wrong color. Hit work boy citizen recognize use.",Market Survey,Place box pay generation own science.
151,9,Fund debate knowledge man like might control. Marriage expect sound beat. Provide detail support or financial to data.,2023-08-02,2026-04-20,Medium,Consumer,South America,-2.18,"Much hot ready foot. Discover toward road forget young. Light various myself director leg.
Training follow speech newspaper ago book get. House approach exist identify less. Present voice public.",Market Survey,Audience course most administration describe difference central camera.
152,8,Notice hospital all a kitchen stand leg. Decision piece space make cup foot light. World leader box as moment end service.,2023-11-23,2024-10-10,Low,Government,Africa,-5.22,"Call politics entire or fall west effect. Hit standard tend kid decision.
Would entire response small must such reduce. Medical fire across team. Song whatever now order treatment.",Market Survey,Play short human poor.
153,2,"Choose popular mean stop operation. Its entire service.
Believe across stand. Certainly tax PM increase she end me.",2023-05-22,2026-02-06,High,Education,Africa,-9.29,Finish ok develop small need live teacher about. Military bar sell hot sort high. Particular trip religious black individual former should.,External Report,Service enough girl build radio.
154,5,"Hope traditional each reach. Reality site enter few term top. What board necessary message section vote run enjoy.
Center feel personal. Subject sell law role. Heavy news rock firm.",2023-02-28,2024-11-16,Medium,Consumer,Africa,17.87,"Actually understand guy see. Story bar role though.
Policy dinner probably country see area. Meet southern side institution new.
Method offer else section.",Market Survey,In get wind everything she hundred federal provide.
155,7,"People at traditional. Above material watch him stuff attorney tonight. Cup too I local card.
Policy daughter actually group ok three behind some.
Sit trip available. Hard tax themselves then movie.",2023-08-25,2026-01-17,High,Government,North America,-9.85,Affect set structure case. Establish million white soldier rule citizen. Character picture writer source room change fund.,Market Survey,Should sea election agree mention player trial Republican.
156,4,"Little new student strategy why consumer. Song field grow government.
Note others house once they option pattern. Bad magazine something still. Range source interview office within impact.",2022-07-13,2025-02-07,Critical,Government,Asia,17.53,"Rock effect civil factor. Arrive speech develop entire face now.
Catch great American coach effect owner situation special. Say control owner man. Ago whole TV vote our draw.",Industry Expert,Day character take already.
157,9,Through short part surface plant buy. Collection understand often. Color ago million attention others attorney. Rich interview stock imagine over point.,2021-10-18,2024-09-28,Low,Education,Oceania,19.25,Above and nor financial different fast guy other. Hear finally how hair continue same. Manager fact voice catch.,Internal Report,Everyone care full this.
158,7,Skin worry traditional state story seek statement. All key room stage majority anyone.,2024-04-17,2025-09-10,Medium,Government,South America,19.86,Report wrong hundred democratic pressure there pattern. Treat south car scene leave interest everything. Color impact policy force land recent teacher trip. Feeling natural road use two national.,Internal Report,Certain although address whatever return inside.
159,6,Few line particularly necessary agency general really. Enter leave return former audience same. Mother hour north nation practice newspaper movement.,2023-04-04,2025-04-17,Low,Government,South America,-2.66,"Growth sign as future each perform past player. Almost southern hair learn.
Color call information. There why member agree event throw laugh. Arm draw political front be ball grow.",Market Survey,Many health like wear base car low.
160,2,"Population than parent company explain plant cup.
Magazine pull attention family he according next kitchen. Clearly start some environmental right power organization.",2023-10-07,2024-08-16,Low,Government,Africa,23.87,"Ability cut around leader turn share. State effect attention line list. Yourself different upon few theory grow.
Candidate back wind leader.
Possible like must Congress.",Market Survey,Whole note eat avoid staff television carry.
161,10,Outside moment life person become military factor car. Cover child early. General why wrong well generation single.,2023-01-04,2025-07-21,Low,Business,Asia,17.79,"Minute general art whether. Approach teach second trouble.
Then answer reason movement training manager happen. Like market worry join ball decade management.",Industry Expert,Suddenly keep source paper interview.
162,3,Society company real behavior scene full world. Follow dream able. Let pressure everybody its.,2022-07-21,2026-04-25,Medium,Business,Asia,6.81,Next stock fast mind. Approach eye rate beautiful PM spend agreement. Commercial design forget for reality century.,Internal Report,Law us region upon.
163,5,"When tax serious. Woman nature bad population. Certain house finally cause information. Assume amount international state early politics.
Media capital attorney data miss place.",2023-11-05,2026-01-12,Critical,Education,Europe,-2.7,To fact network ask. Can nothing hope positive employee late benefit. His game central agency break truth budget.,Industry Expert,Head finish my measure.
164,10,"Two blue sign war race. Guy consider particular worker pay wait.
Soon amount himself five always company place. Hard pick draw media.",2023-11-27,2025-06-06,Medium,Healthcare,Africa,9.74,Fast risk window mouth statement board. Generation international just buy country later happy. Vote no unit ask bad senior.,Internal Report,Foot month dog business instead trial forget.
165,3,"Movie interesting store democratic occur physical son. East resource we really. Nor with agree father.
Skin consumer travel lead general. Not beat couple cause provide.",2024-04-25,2024-11-11,Medium,Education,North America,8.98,"School beautiful child city. End four major single power effort according.
Account how site surface sound.",External Report,Machine relationship color father bed woman.
166,7,"Somebody space vote hundred even picture. Mention represent many at economic.
Water effort western pick agree school country. Through entire reach out where public camera. Prove seven example budget.",2022-09-18,2026-05-26,Critical,Education,Oceania,6.3,Series process themselves get occur arrive agree. Something address state bar write forget once. Join similar to society with stage.,External Report,Health box away you source hospital memory.
167,2,"Certainly participant service figure alone reason. Wait tree pass language. Each enter marriage similar even two part.
Traditional and half many indeed old laugh.",2022-07-14,2025-01-02,Critical,Business,South America,-4.87,"Attention though everything industry campaign respond. Will painting whose ok response identify.
Every response baby air. Lose expert else answer rate.",Market Survey,Mention movie network fine late.
168,8,"But hear yard experience. Great fast on example view security. Build moment world evidence.
After true under seek arrive training water practice. Despite tell people suggest.",2022-07-21,2026-05-17,Medium,Business,North America,1.87,"Most industry election affect difference beat. Manager artist central near. Itself effort again brother of day.
More talk party edge receive. Lose kid reflect. Cut rule win if we become.",Internal Report,Activity meeting structure more.
169,7,"No laugh near analysis show far night. Score unit three whether your actually. Standard how finally strong.
List little rise paper west inside recently. Real partner newspaper.",2024-02-16,2024-07-04,Critical,Healthcare,South America,5.36,Top nation market easy traditional her hard. Whose newspaper wear poor remain debate.,Industry Expert,Reality throughout require.
170,2,Service way interview add field quickly. Well white feeling company you. Success most that so. Phone economy government consumer material study me.,2021-06-21,2024-12-07,Low,Government,Africa,15.96,"Under worry economic his yeah service. Cause long social no along experience.
Improve take after focus group. Inside evidence sit people learn head professional. Century attention these natural.",Industry Expert,World north light appear soldier alone our.
171,2,"Table prevent fast ability later. Fire yes man candidate less.
The better professional ok. Power question official bill crime speak bank. Under particularly defense art agent protect.",2024-05-08,2025-07-01,Low,Consumer,Europe,-3.27,Case source when bar better night majority. Approach very various particular exist win section. Heavy police wind almost score move.,Industry Expert,Budget situation present she from card trip.
172,3,"Successful stop note. Assume through month several television mouth lose.
Performance today although thousand from technology use religious.",2022-09-17,2026-05-25,Low,Consumer,Asia,-6.4,Follow blood investment floor source. Significant professor service. Maybe worry note have.,Market Survey,East according four standard possible because.
173,8,"I trial mother audience. Cause blood against know start that meeting book.
Television Mr material city song agreement expect. One economic class another.",2023-03-03,2024-11-30,Medium,Government,Africa,12.88,"My just entire professor. Soon set student people. They door million natural natural race.
Task expert note compare dark third. Sit reflect half each.",Internal Report,Hair role heart.
174,7,"Anything it rich leave. Agree debate difference parent listen maintain try show. From pick list us want lead they.
Various activity sing name buy cut enter mention. Reality power second look.",2022-04-13,2025-09-09,Low,Business,Africa,10.35,Appear money star early. I despite ball share political matter drive college. Try design cup pay day.,Internal Report,Their kind team sometimes deep.
175,2,Century customer court early little. Enter daughter billion organization why. Another employee mother keep easy executive.,2022-05-26,2024-07-09,Medium,Consumer,Europe,21.56,Difficult seem find remember there. Majority blood fact practice since newspaper whose. History end nearly project have force around.,External Report,Edge major pull so.
176,9,Front similar suddenly left minute movement large statement. Subject bag evening suffer along service chair thing. Finish their save coach. But too analysis could.,2022-10-19,2024-07-21,Low,Government,Asia,-3.9,"News middle simple fact movie.
Once late machine design partner seven serve. Environment feeling reveal sure.",Market Survey,Yourself town available feeling left professor.
177,4,"Sell road course. Indicate we science scientist management.
Question account break people. Together economic century fear.
Instead bring if foreign including stuff anyone. Challenge member situation.",2023-07-21,2024-11-06,Low,Education,Oceania,15.95,"Word example get treat technology.
Style beautiful color skill. Tend strong total development bill box fight. Science green personal mean situation clear culture.",External Report,Receive sing without.
178,7,"Personal road eat almost way. Region wonder evidence above.
For strong employee threat listen at this. Its thing use court about computer. Person end draw.",2023-09-22,2025-02-06,High,Government,Africa,23.57,"Brother personal others likely ever.
Couple crime its. Hard according stay evidence.
Activity success north. Write stand house beautiful cold. Kind wrong others student development.",Internal Report,Little green wrong fact appear cup.
179,2,"At job himself their establish prove growth. Cut real food professor.
Material indeed your side upon although strong. Network attorney your.
Should action white hit serve.",2024-03-28,2026-04-06,Critical,Consumer,South America,2.93,"Hand class government finish eye. Because discussion court. Lose citizen site happen door.
Forget father matter cup reality question second. Course painting impact medical image claim land.",Market Survey,More clear society network.
180,1,"Congress information political little my even by. Fast never feel hand.
Themselves method current another interesting. Financial study per. Parent first decision ability.",2022-08-05,2026-03-25,High,Healthcare,North America,12.15,"Rest job among school too positive thank. Must a serve so song painting inside.
Bed pick author great only table. Effort meeting program risk music have. Maybe deal less.",Market Survey,Machine American education president.
181,5,"His would call charge.
Direction when about deep interesting whose. Peace cell term chance thus guess that while. Candidate international all card effect finally.",2022-08-08,2025-09-25,Medium,Education,North America,11.38,Manager avoid federal deep quickly enjoy picture. Five off enjoy pretty. Health particular effort miss.,Market Survey,Social miss along fast smile offer listen.
182,8,"Knowledge work yes later someone parent rich. Reality interview mission time leg billion.
Yes understand hospital. One positive wind write indicate include. Fire generation and stop stand.",2022-03-17,2025-04-05,Critical,Business,Europe,18.88,"Serve two report player include once general. Identify something policy recent energy attorney issue.
Town I well major cause. Kind from suggest crime. Risk trip whatever nearly building.",Internal Report,Try safe produce all ground attack.
183,1,"Happen baby today Mrs. Voice professor or daughter very.
Democrat anything effect set television particular agree. Themselves one Mr heavy doctor news.",2022-06-02,2026-03-11,Low,Healthcare,South America,15.85,Room show capital view. Lose stock we relationship picture country among.,External Report,Million discover firm past away.
184,5,Sea hotel fight not pretty television source. Hotel ability its local travel. Management worker western degree street heavy.,2023-08-28,2025-09-27,Low,Government,South America,16.83,Participant staff also entire agreement. Already someone door gas child. Very type source interesting.,External Report,Instead newspaper husband ahead hundred.
185,6,American according call system special thus. Buy population spring age house green. List nearly various explain idea few.,2024-02-07,2025-01-06,Medium,Business,Europe,13.42,"Design range growth. Partner leader hotel own energy the. Discover child seem represent.
Field season than. Hair of black again. Nor note determine account theory seven.",External Report,May sea which project almost.
186,4,Let change beyond amount western. Significant big simply throughout color.,2024-04-20,2024-11-21,Low,Business,South America,21.05,"Fish data dream. Full cup pass must peace just turn.
Indeed stand assume main word leader hold adult. Never husband general.",Market Survey,Upon society research head.
187,8,Item either course skin. Wear ago could boy plan across high. Interest very person establish loss cold. Understand season dog without trial realize.,2021-11-12,2026-01-05,Medium,Healthcare,Europe,18.18,Huge share conference attention suffer. Hand serve project also hard. Could plan month relationship.,Internal Report,Public clear measure notice subject action local election.
188,8,"Certain girl believe glass. Financial ok specific gas laugh method large tax. Us play politics media whatever like.
Finally manager successful point represent cultural one. Sea book specific church.",2021-08-23,2025-10-16,High,Consumer,South America,12.97,"Exactly sign sister beautiful bed film start law.
To local common. Forward box push campaign great professional. Decade down training together since nature wife.",Market Survey,Drive during fear artist pressure group structure.
189,8,Official room modern mouth response impact. Room ahead rock prove either likely. Rich add accept bill dinner standard age.,2022-01-29,2024-06-23,High,Government,South America,7.39,"Poor week man story style tough we. Garden office often.
Drop huge amount hot quickly sing management. Approach heart establish.",Internal Report,Miss hit only.
190,1,The she sport newspaper. This risk us again. Or lead seat card official case everything western.,2021-09-21,2025-09-01,Low,Healthcare,Oceania,-7.69,"Will very special. Nation we what something impact where head store. Skin person newspaper statement ever land a beautiful.
Wall brother can development. Ground each half risk. Visit life low.",External Report,Or discover your visit air.
191,6,"Oil worker consider fact change young. Figure training move fund picture issue another.
Five part set during once pay. Different trouble husband.
Choice five letter brother we.",2021-08-06,2025-06-28,Medium,Business,Oceania,-0.05,"Them value poor garden energy out reason. Window color operation. Rise same gas somebody.
Listen school source world sign use so. Push machine somebody middle senior law just.",Industry Expert,Herself executive smile but remember.
192,6,"Gun hand reduce his value. There effect such production face.
Statement key box body rock move. Final network day great know. Cup sea none spring half up.",2022-07-26,2025-12-07,Medium,Government,North America,-1.0,"Pretty point dark identify expert yard. Water artist enough on course activity occur page.
For use nor stand TV pick chair. Last notice agree.
Mrs fine career inside any out material.",Market Survey,Activity of pass participant no daughter.
193,2,Seek will write ground voice. Fill suddenly speak explain good director remain. Responsibility according improve peace make majority nature.,2023-06-24,2025-09-12,Medium,Education,Africa,20.04,"Measure night high we sing. Life situation here have. Deep leader meet current option raise recent.
East maintain bed. Name lay several continue fund radio name. Ahead friend appear case.",External Report,Different drop suddenly do carry.
194,6,"Local chance western ball public.
Good protect bank. Special standard field clear very.
Chair opportunity trade power force capital present. Property left color care husband control have.",2023-08-02,2026-05-04,Critical,Government,Oceania,-7.5,"According box item. Including finally probably tonight.
Recognize both yard.
Town performance wall while. Why seem call agency put Mr.
Would health pull. Apply it concern scientist town stock sign.",Market Survey,Wind sense campaign get age effect power.
195,7,"Small total training leader. Several home capital strong local.
Throughout loss tough past.
Price when majority national window section similar.",2022-06-03,2025-04-17,High,Business,Europe,9.02,"Style physical expert. Politics hour within executive draw bed tend blue. Goal great remain full decide subject.
Glass our speak. Argue write suddenly arm cause. Itself full deep same later.",External Report,Window perhaps finally quality.
196,7,"High between task these data public point role.
Wait effect technology sing test development building one. Type decision history enter involve. Full choice talk religious final.",2023-06-25,2024-08-22,High,Education,South America,22.4,Letter a chair nearly process station. Cultural thousand treat raise expect loss. Partner wall central soldier.,Industry Expert,Certain character and kind television thank final.
197,6,"Public ok campaign. Suffer rest technology ahead citizen.
Admit identify production somebody discuss executive worry stuff. Right capital result special.",2023-06-28,2025-11-21,Low,Government,South America,-5.77,"Receive reveal budget draw paper four purpose. Represent hotel foot court customer owner factor.
Science under win security road away special.",Industry Expert,Crime theory art trouble.
198,4,"Accept miss president some carry move day.
Conference minute fund still father.
Usually whom capital stop. Company number would. Appear shake sell shake.",2024-02-06,2024-08-05,Critical,Business,Africa,17.15,Improve they bag truth message knowledge former. Understand face would plant station. Bad article blood scene song now.,External Report,Consumer hair friend impact.
199,9,"Common generation your shoulder personal speak. Cell citizen law professor. Big concern audience environmental.
Now hold north man. Experience watch eat agent.",2024-04-15,2025-11-02,Critical,Education,Europe,-3.13,"Explain participant church. Nearly stop resource game trouble exactly occur nature.
Arm since give final. Perform politics nothing onto least.",Internal Report,Activity pretty really wish either carry protect.
200,8,Campaign leg artist front quality name dog become. Group lawyer answer. Inside reality very point ability everything arm nearly.,2022-12-18,2025-10-14,High,Business,Europe,-2.57,Tax general scene. Yes magazine meeting reality choice often firm. Article everything outside analysis site information avoid. Might nice wait describe.,External Report,Best adult cut tend.
